query_ID	subject_ID	p_id_matches	alignment_length	n_mismatches	n_gap_openings	soa_query	eoa_query	soa_subject	eoa_subject	e-val	bitscore
CM_cdhit-1_transcript_2941	BCW-200312_01064	29.6	260	156	8	1381	2121	47	292	1.98e-18	90.9
CM_cdhit-1_transcript_2941	BCW-200130_02723	27.5	280	173	7	1474	2280	270	530	1.71e-17	87.8
CM_cdhit-1_transcript_2941	BCW-200150_00728	30.7	257	159	8	1378	2121	1	247	3.91e-17	86.7
CM_cdhit-1_transcript_2941	BCW-200010_02278	30.7	257	159	8	1378	2121	1	247	6.79e-17	85.9
CM_cdhit-1_transcript_2941	BCW-200019_04940	30.7	257	159	8	1378	2121	1	247	6.79e-17	85.9
CM_cdhit-1_transcript_2941	BCW-200042_07724	30.7	257	159	8	1378	2121	1	247	6.79e-17	85.9
CM_cdhit-1_transcript_2941	BCW-200048_04879	30.7	257	159	8	1378	2121	1	247	6.79e-17	85.9
CM_cdhit-1_transcript_2941	BCW-200051_00921	30.7	257	159	8	1378	2121	1	247	6.79e-17	85.9
CM_cdhit-1_transcript_2941	BCW-200074_01234	30.7	257	159	8	1378	2121	1	247	6.79e-17	85.9
CM_cdhit-1_transcript_2941	BCW-200077_02294	30.7	257	159	8	1378	2121	1	247	6.79e-17	85.9
CM_cdhit-1_transcript_2941	BCW-200079_00980	30.7	257	159	8	1378	2121	1	247	6.79e-17	85.9
CM_cdhit-1_transcript_2941	BCW-200080_01200	30.7	257	159	8	1378	2121	1	247	6.79e-17	85.9
CM_cdhit-1_transcript_2941	BCW-200121_02107	30.7	257	159	8	1378	2121	1	247	6.79e-17	85.9
CM_cdhit-1_transcript_2941	BCW-200126_00659	30.7	257	159	8	1378	2121	1	247	6.79e-17	85.9
CM_cdhit-1_transcript_2941	BCW-200127_07037	30.7	257	159	8	1378	2121	1	247	6.79e-17	85.9
CM_cdhit-1_transcript_2941	BCW-200128_00775	30.7	257	159	8	1378	2121	1	247	6.79e-17	85.9
CM_cdhit-1_transcript_2941	BCW-200131_03315	30.7	257	159	8	1378	2121	1	247	6.79e-17	85.9
CM_cdhit-1_transcript_2941	BCW-200138_00849	30.7	257	159	8	1378	2121	1	247	6.79e-17	85.9
CM_cdhit-1_transcript_2941	BCW-200175_00747	30.7	257	159	8	1378	2121	1	247	6.79e-17	85.9
CM_cdhit-1_transcript_2941	BCW-200179_04841	30.7	257	159	8	1378	2121	1	247	6.79e-17	85.9
CM_cdhit-1_transcript_2941	BCW-200180_01120	30.7	257	159	8	1378	2121	1	247	6.79e-17	85.9
CM_cdhit-1_transcript_2941	BCW-200188_01019	30.7	257	159	8	1378	2121	1	247	6.79e-17	85.9
CM_cdhit-1_transcript_2941	BCW-200192_00698	30.7	257	159	8	1378	2121	1	247	6.79e-17	85.9
CM_cdhit-1_transcript_2941	BCW-200196_01689	30.7	257	159	8	1378	2121	1	247	6.79e-17	85.9
CM_cdhit-1_transcript_2941	BCW-200198_02641	30.7	257	159	8	1378	2121	1	247	6.79e-17	85.9
CM_cdhit-1_transcript_5433	BCW-200010_06630	31.5	251	156	5	1551	2270	52	297	5.05e-20	96.3
CM_cdhit-1_transcript_5433	BCW-200042_00778	31.5	251	156	5	1551	2270	52	297	5.05e-20	96.3
CM_cdhit-1_transcript_7163	BCW-200073_03085	31.6	234	153	4	1399	710	44	274	1.59e-25	113
CM_cdhit-1_transcript_8090	BCW-200993_01901	35.0	123	76	2	963	601	1	121	1.41e-12	68.9
CM_cdhit-1_transcript_8090	BCW-200089_00736	33.3	123	78	2	963	601	1	121	1.94e-11	65.5
CM_cdhit-1_transcript_8090	BCW-200126_01603	34.5	113	70	2	954	622	6	116	4.40e-11	64.3
CM_cdhit-1_transcript_8090	BCW-200141_00798	34.5	113	70	2	954	622	6	116	4.40e-11	64.3
CM_cdhit-1_transcript_8090	BCW-200178_07961	34.5	113	70	2	954	622	6	116	4.40e-11	64.3
CM_cdhit-1_transcript_8090	BCW-200179_00837	34.5	113	70	2	954	622	6	116	4.40e-11	64.3
CM_cdhit-1_transcript_8090	BCW-200181_02310	34.5	113	70	2	954	622	6	116	4.40e-11	64.3
CM_cdhit-1_transcript_8090	BCW-200183_03036	34.5	113	70	2	954	622	6	116	4.40e-11	64.3
CM_cdhit-1_transcript_8090	BCW-200187_00406	34.5	113	70	2	954	622	6	116	4.40e-11	64.3
CM_cdhit-1_transcript_8090	BCW-200189_07276	34.5	113	70	2	954	622	6	116	4.40e-11	64.3
CM_cdhit-1_transcript_8090	BCW-200194_00274	34.5	113	70	2	954	622	6	116	4.40e-11	64.3
CM_cdhit-1_transcript_8090	BCW-200197_04249	34.5	113	70	2	954	622	6	116	4.40e-11	64.3
CM_cdhit-1_transcript_8090	BCW-200205_05204	34.5	113	70	2	954	622	6	116	4.40e-11	64.3
CM_cdhit-1_transcript_8090	BCW-200210_03528	34.5	113	70	2	954	622	6	116	4.40e-11	64.3
CM_cdhit-1_transcript_8090	BCW-200214_03874	34.5	113	70	2	954	622	6	116	4.40e-11	64.3
CM_cdhit-1_transcript_8090	BCW-200226_00954	34.5	113	70	2	954	622	6	116	4.40e-11	64.3
CM_cdhit-1_transcript_8090	BCW-200227_00514	34.5	113	70	2	954	622	6	116	4.40e-11	64.3
CM_cdhit-1_transcript_8090	BCW-200060_00655	34.5	113	70	2	954	622	6	116	5.87e-11	63.9
CM_cdhit-1_transcript_8090	BCW-200162_03716	34.5	113	70	2	954	622	6	116	5.87e-11	63.9
CM_cdhit-1_transcript_8090	BCW-200168_03327	34.5	113	70	2	954	622	6	116	5.87e-11	63.9
CM_cdhit-1_transcript_8090	BCW-200302_01979	34.5	113	70	2	954	622	6	116	5.87e-11	63.9
CM_cdhit-1_transcript_8090	BCW-200307_04443	34.5	113	70	2	954	622	6	116	5.87e-11	63.9
CM_cdhit-1_transcript_8090	BCW-200308_04179	34.5	113	70	2	954	622	6	116	5.87e-11	63.9
CM_cdhit-1_transcript_8090	BCW-200509_03353	34.5	113	70	2	954	622	6	116	5.87e-11	63.9
CM_cdhit-1_transcript_8090	BCW-200516_03687	34.5	113	70	2	954	622	6	116	5.87e-11	63.9
CM_cdhit-1_transcript_12505	BCW-200215_00062	29.0	255	164	5	1323	2042	5	257	2.38e-23	100
CM_cdhit-1_transcript_12505	BCW-200464_01188	29.0	255	164	5	1323	2042	5	257	2.00e-22	98.2
CM_cdhit-1_transcript_12505	BCW-200208_05050	27.5	255	168	5	1323	2042	5	257	3.07e-21	94.7
CM_cdhit-1_transcript_12505	BCW-200328_03890	27.5	255	168	5	1323	2042	5	257	4.16e-21	94.4
CM_cdhit-1_transcript_12505	BCW-200465_03768	27.1	255	169	5	1323	2042	5	257	4.16e-21	94.4
CM_cdhit-1_transcript_12505	BCW-200663_03826	27.5	255	168	5	1323	2042	5	257	4.16e-21	94.4
CM_cdhit-1_transcript_12505	BCW-200705_02706	27.5	255	168	5	1323	2042	5	257	4.16e-21	94.4
CM_cdhit-1_transcript_12505	BCW-200902_00666	27.5	255	168	5	1323	2042	5	257	4.16e-21	94.4
CM_cdhit-1_transcript_12505	BCW-200903_00376	27.5	255	168	5	1323	2042	5	257	4.16e-21	94.4
CM_cdhit-1_transcript_12505	BCW-200904_02360	27.5	255	168	5	1323	2042	5	257	4.16e-21	94.4
CM_cdhit-1_transcript_12505	BCW-200910_03884	27.5	255	168	5	1323	2042	5	257	4.16e-21	94.4
CM_cdhit-1_transcript_12505	BCW-200912_01390	27.5	255	168	5	1323	2042	5	257	4.16e-21	94.4
CM_cdhit-1_transcript_12505	BCW-200920_03039	27.5	255	168	5	1323	2042	5	257	4.16e-21	94.4
CM_cdhit-1_transcript_12505	BCW-200001_02975	28.6	245	150	8	1338	2051	11	237	1.18e-13	72.0
CM_cdhit-1_transcript_12505	BCW-200011_02925	28.6	245	150	8	1338	2051	11	237	1.18e-13	72.0
CM_cdhit-1_transcript_12505	BCW-201813_04308	26.9	253	164	9	1323	2042	36	280	2.93e-13	71.6
CM_cdhit-1_transcript_12505	BCW-201815_01192	26.9	253	164	9	1323	2042	36	280	2.93e-13	71.6
CM_cdhit-1_transcript_12505	BCW-201818_06885	26.9	253	164	9	1323	2042	36	280	2.93e-13	71.6
CM_cdhit-1_transcript_12505	BCW-201823_02084	26.9	253	164	9	1323	2042	36	280	2.93e-13	71.6
CM_cdhit-1_transcript_12505	BCW-201824_06661	26.9	253	164	9	1323	2042	36	280	2.93e-13	71.6
CM_cdhit-1_transcript_12505	BCW-201825_05320	26.9	253	164	9	1323	2042	36	280	2.93e-13	71.6
CM_cdhit-1_transcript_12505	BCW-201830_03189	26.9	253	164	9	1323	2042	36	280	2.93e-13	71.6
CM_cdhit-1_transcript_12505	BCW-201834_01428	26.9	253	164	9	1323	2042	36	280	2.93e-13	71.6
CM_cdhit-1_transcript_12505	BCW-201836_04438	26.9	253	164	9	1323	2042	36	280	2.93e-13	71.6
CM_cdhit-1_transcript_12505	BCW-201840_04591	26.9	253	164	9	1323	2042	36	280	2.93e-13	71.6
CM_cdhit-1_transcript_21016	BCW-200785_06418	99.2	128	1	0	313	696	1	128	5.32e-85	257
CM_cdhit-1_transcript_21016	BCW-201290_01217	99.2	128	1	0	313	696	1	128	5.32e-85	257
CM_cdhit-1_transcript_21016	BCW-201902_05797	99.2	128	1	0	313	696	1	128	7.52e-85	256
CM_cdhit-1_transcript_21016	BCW-201859_01399	98.4	128	2	0	313	696	1	128	4.25e-84	254
CM_cdhit-1_transcript_21016	BCW-201868_03531	98.4	128	2	0	313	696	1	128	4.25e-84	254
CM_cdhit-1_transcript_21016	BCW-201875_01973	98.4	128	2	0	313	696	1	128	4.25e-84	254
CM_cdhit-1_transcript_21016	BCW-201947_01955	98.4	128	2	0	313	696	1	128	4.25e-84	254
CM_cdhit-1_transcript_21016	BCW-200010_00831	97.7	128	3	0	313	696	1	128	6.02e-84	254
CM_cdhit-1_transcript_21016	BCW-200042_00275	97.7	128	3	0	313	696	1	128	6.02e-84	254
CM_cdhit-1_transcript_21016	BCW-200046_02962	97.7	128	3	0	313	696	1	128	6.02e-84	254
CM_cdhit-1_transcript_21016	BCW-200058_04155	97.7	128	3	0	313	696	1	128	6.02e-84	254
CM_cdhit-1_transcript_21016	BCW-200211_01406	97.7	128	3	0	313	696	1	128	6.02e-84	254
CM_cdhit-1_transcript_21016	BCW-200073_02326	97.7	128	3	0	313	696	1	128	1.20e-83	253
CM_cdhit-1_transcript_21016	BCW-200432_03967	97.7	128	3	0	313	696	1	128	1.20e-83	253
CM_cdhit-1_transcript_21016	BCW-200436_02047	97.7	128	3	0	313	696	1	128	1.20e-83	253
CM_cdhit-1_transcript_21016	BCW-200458_02533	97.7	128	3	0	313	696	1	128	1.20e-83	253
CM_cdhit-1_transcript_21016	BCW-200460_03587	97.7	128	3	0	313	696	1	128	1.20e-83	253
CM_cdhit-1_transcript_21016	BCW-200599_00846	97.7	128	3	0	313	696	1	128	1.20e-83	253
CM_cdhit-1_transcript_21016	BCW-200621_03321	97.7	128	3	0	313	696	1	128	1.20e-83	253
CM_cdhit-1_transcript_21016	BCW-201292_05174	97.7	128	3	0	313	696	1	128	1.20e-83	253
CM_cdhit-1_transcript_21016	BCW-201293_01314	97.7	128	3	0	313	696	1	128	1.20e-83	253
CM_cdhit-1_transcript_21016	BCW-201862_04169	97.7	128	3	0	313	696	1	128	1.20e-83	253
CM_cdhit-1_transcript_21016	BCW-200222_03795	96.9	128	4	0	313	696	1	128	9.61e-83	251
CM_cdhit-1_transcript_21016	BCW-200471_03142	96.1	128	5	0	313	696	1	128	1.09e-81	248
CM_cdhit-1_transcript_21016	BCW-200065_02624	95.3	128	6	0	313	696	1	128	3.07e-81	247
CM_cdhit-1_transcript_21603	BCW-200002_01053	28.9	149	100	3	2574	2140	56	202	4.84e-09	58.9
CM_cdhit-1_transcript_21603	BCW-200081_01306	28.2	149	101	3	2574	2140	56	202	2.12e-08	57.0
CM_cdhit-1_transcript_21603	BCW-200085_13093	28.2	149	101	3	2574	2140	56	202	2.12e-08	57.0
CM_cdhit-1_transcript_21603	BCW-200098_09820	28.2	149	101	3	2574	2140	56	202	2.12e-08	57.0
CM_cdhit-1_transcript_21603	BCW-200100_00911	28.2	149	101	3	2574	2140	56	202	2.12e-08	57.0
CM_cdhit-1_transcript_22552	BCW-200061_01016	95.9	74	3	0	1	222	144	217	2.88e-29	114
CM_cdhit-1_transcript_22552	BCW-200526_05136	95.9	74	3	0	1	222	144	217	2.88e-29	114
CM_cdhit-1_transcript_22552	BCW-201051_03868	95.9	74	3	0	1	222	144	217	2.88e-29	114
CM_cdhit-1_transcript_22552	BCW-201054_01282	95.9	74	3	0	1	222	144	217	2.88e-29	114
CM_cdhit-1_transcript_22552	BCW-201079_01428	95.9	74	3	0	1	222	144	217	2.88e-29	114
CM_cdhit-1_transcript_22552	BCW-201653_02472	95.9	74	3	0	1	222	144	217	2.88e-29	114
CM_cdhit-1_transcript_22552	BCW-201662_02105	95.9	74	3	0	1	222	144	217	2.88e-29	114
CM_cdhit-1_transcript_22552	BCW-200012_04095	91.9	74	6	0	1	222	144	217	2.82e-28	111
CM_cdhit-1_transcript_22552	BCW-201081_00856	91.9	74	6	0	1	222	144	217	3.90e-28	111
CM_cdhit-1_transcript_22552	BCW-201827_02791	91.9	74	6	0	1	222	144	217	3.90e-28	111
CM_cdhit-1_transcript_22552	BCW-201833_00742	91.9	74	6	0	1	222	144	217	3.90e-28	111
CM_cdhit-1_transcript_22552	BCW-201864_02434	91.9	74	6	0	1	222	144	217	3.90e-28	111
CM_cdhit-1_transcript_22552	BCW-201867_01791	91.9	74	6	0	1	222	144	217	3.90e-28	111
CM_cdhit-1_transcript_22552	BCW-201909_02279	91.9	74	6	0	1	222	144	217	3.90e-28	111
CM_cdhit-1_transcript_22552	BCW-201917_01976	91.9	74	6	0	1	222	144	217	3.90e-28	111
CM_cdhit-1_transcript_22552	BCW-201997_01048	91.9	74	6	0	1	222	144	217	3.90e-28	111
CM_cdhit-1_transcript_22552	BCW-202001_00815	91.9	74	6	0	1	222	144	217	3.90e-28	111
CM_cdhit-1_transcript_22552	BCW-200115_02130	78.4	74	16	0	1	222	144	217	1.03e-27	110
CM_cdhit-1_transcript_22552	BCW-200060_03082	87.8	74	9	0	1	222	144	217	2.74e-27	108
CM_cdhit-1_transcript_22552	BCW-200162_02826	87.8	74	9	0	1	222	144	217	2.74e-27	108
CM_cdhit-1_transcript_22552	BCW-200168_01811	87.8	74	9	0	1	222	144	217	2.74e-27	108
CM_cdhit-1_transcript_22552	BCW-200302_01557	87.8	74	9	0	1	222	144	217	2.74e-27	108
CM_cdhit-1_transcript_22552	BCW-200307_03373	87.8	74	9	0	1	222	144	217	2.74e-27	108
CM_cdhit-1_transcript_22552	BCW-200308_03966	87.8	74	9	0	1	222	144	217	2.74e-27	108
CM_cdhit-1_transcript_22552	BCW-200508_03146	87.8	74	9	0	1	222	144	217	2.74e-27	108
CM_cdhit-1_transcript_26279	BCW-200166_04602	27.6	297	181	13	885	37	5	281	3.15e-09	58.9
CM_cdhit-1_transcript_28828	BCW-200533_04481	39.9	223	122	7	247	894	42	259	8.35e-38	140
CM_cdhit-1_transcript_28828	BCW-200312_01064	35.9	234	141	6	208	891	63	293	5.35e-36	137
CM_cdhit-1_transcript_28828	BCW-200130_02723	35.9	234	140	7	208	891	20	249	7.77e-35	134
CM_cdhit-1_transcript_28828	BCW-200010_02278	36.0	225	136	5	247	906	264	485	1.43e-34	133
CM_cdhit-1_transcript_28828	BCW-200019_04940	36.0	225	136	5	247	906	264	485	1.43e-34	133
CM_cdhit-1_transcript_28828	BCW-200042_07724	36.0	225	136	5	247	906	264	485	1.43e-34	133
CM_cdhit-1_transcript_28828	BCW-200048_04879	36.0	225	136	5	247	906	264	485	1.43e-34	133
CM_cdhit-1_transcript_28828	BCW-200051_00921	36.0	225	136	5	247	906	264	485	1.43e-34	133
CM_cdhit-1_transcript_28828	BCW-200074_01234	36.0	225	136	5	247	906	264	485	1.43e-34	133
CM_cdhit-1_transcript_28828	BCW-200077_02294	36.0	225	136	5	247	906	264	485	1.43e-34	133
CM_cdhit-1_transcript_28828	BCW-200079_00980	36.0	225	136	5	247	906	264	485	1.43e-34	133
CM_cdhit-1_transcript_28828	BCW-200080_01200	36.0	225	136	5	247	906	264	485	1.43e-34	133
CM_cdhit-1_transcript_28828	BCW-200121_02107	36.0	225	136	5	247	906	264	485	1.43e-34	133
CM_cdhit-1_transcript_28828	BCW-200126_00659	36.0	225	136	5	247	906	264	485	1.43e-34	133
CM_cdhit-1_transcript_28828	BCW-200127_07037	36.0	225	136	5	247	906	264	485	1.43e-34	133
CM_cdhit-1_transcript_28828	BCW-200128_00775	36.0	225	136	5	247	906	264	485	1.43e-34	133
CM_cdhit-1_transcript_28828	BCW-200131_03315	36.0	225	136	5	247	906	264	485	1.43e-34	133
CM_cdhit-1_transcript_28828	BCW-200138_00849	36.0	225	136	5	247	906	264	485	1.43e-34	133
CM_cdhit-1_transcript_28828	BCW-200150_00728	36.0	225	136	5	247	906	264	485	1.43e-34	133
CM_cdhit-1_transcript_28828	BCW-200175_00747	36.0	225	136	5	247	906	264	485	1.43e-34	133
CM_cdhit-1_transcript_28828	BCW-200179_04841	36.0	225	136	5	247	906	264	485	1.43e-34	133
CM_cdhit-1_transcript_28828	BCW-200180_01120	36.0	225	136	5	247	906	264	485	1.43e-34	133
CM_cdhit-1_transcript_28828	BCW-200188_01019	36.0	225	136	5	247	906	264	485	1.43e-34	133
CM_cdhit-1_transcript_28828	BCW-200192_00698	36.0	225	136	5	247	906	264	485	1.43e-34	133
CM_cdhit-1_transcript_28828	BCW-200196_01689	36.0	225	136	5	247	906	264	485	1.43e-34	133
CM_cdhit-1_transcript_40574	BCW-200073_03085	26.4	220	146	7	2080	1433	57	264	1.38e-05	50.1
CM_cdhit-1_transcript_48023	BCW-200215_00062	25.4	177	125	2	1075	557	5	178	2.58e-09	58.2
CM_cdhit-1_transcript_48023	BCW-200208_05050	25.4	177	125	2	1075	557	5	178	1.52e-08	55.8
CM_cdhit-1_transcript_48023	BCW-200465_03768	25.4	177	125	2	1075	557	5	178	1.52e-08	55.8
CM_cdhit-1_transcript_48023	BCW-200328_03890	25.4	177	125	2	1075	557	5	178	2.04e-08	55.5
CM_cdhit-1_transcript_48023	BCW-200663_03826	25.4	177	125	2	1075	557	5	178	2.04e-08	55.5
CM_cdhit-1_transcript_48023	BCW-200705_02706	25.4	177	125	2	1075	557	5	178	2.04e-08	55.5
CM_cdhit-1_transcript_48023	BCW-200902_00666	25.4	177	125	2	1075	557	5	178	2.04e-08	55.5
CM_cdhit-1_transcript_48023	BCW-200903_00376	25.4	177	125	2	1075	557	5	178	2.04e-08	55.5
CM_cdhit-1_transcript_48023	BCW-200904_02360	25.4	177	125	2	1075	557	5	178	2.04e-08	55.5
CM_cdhit-1_transcript_48023	BCW-200910_03884	25.4	177	125	2	1075	557	5	178	2.04e-08	55.5
CM_cdhit-1_transcript_48023	BCW-200912_01390	25.4	177	125	2	1075	557	5	178	2.04e-08	55.5
CM_cdhit-1_transcript_48023	BCW-200920_03039	25.4	177	125	2	1075	557	5	178	2.04e-08	55.5
CM_cdhit-1_transcript_48023	BCW-200464_01188	24.3	177	127	2	1075	557	5	178	2.88e-07	52.0
CM_cdhit-1_transcript_250797	BCW-200471_03157	24.0	362	265	8	1175	105	23	379	3.42e-26	115
CM_cdhit-1_transcript_250797	BCW-200068_03997	23.8	362	266	8	1175	105	23	379	4.60e-26	115
CM_cdhit-1_transcript_250797	BCW-200267_05976	23.8	362	266	8	1175	105	23	379	4.60e-26	115
CM_cdhit-1_transcript_250797	BCW-200476_04576	23.8	362	266	8	1175	105	23	379	4.60e-26	115
CM_cdhit-1_transcript_250797	BCW-200497_04909	23.8	362	266	8	1175	105	23	379	4.60e-26	115
CM_cdhit-1_transcript_250797	BCW-200498_05074	23.8	362	266	8	1175	105	23	379	4.60e-26	115
CM_cdhit-1_transcript_250797	BCW-200516_03456	23.8	362	266	8	1175	105	23	379	4.60e-26	115
CM_cdhit-1_transcript_250797	BCW-200526_03723	23.8	362	266	8	1175	105	23	379	4.60e-26	115
CM_cdhit-1_transcript_250797	BCW-200527_05293	23.8	362	266	8	1175	105	23	379	4.60e-26	115
CM_cdhit-1_transcript_250797	BCW-200528_02542	23.8	362	266	8	1175	105	23	379	4.60e-26	115
CM_cdhit-1_transcript_250797	BCW-200588_03742	23.8	362	266	8	1175	105	23	379	4.60e-26	115
CM_cdhit-1_transcript_250797	BCW-200607_03907	23.8	362	266	8	1175	105	23	379	4.60e-26	115
CM_cdhit-1_transcript_250797	BCW-200790_05033	23.8	362	266	8	1175	105	23	379	4.60e-26	115
CM_cdhit-1_transcript_250797	BCW-200791_00971	23.8	362	266	8	1175	105	23	379	4.60e-26	115
CM_cdhit-1_transcript_250797	BCW-200290_05237	24.5	367	257	9	1175	105	23	379	6.20e-26	114
CM_cdhit-1_transcript_250797	BCW-200010_00816	23.9	364	263	9	1175	105	23	379	1.51e-25	113
CM_cdhit-1_transcript_250797	BCW-200042_00290	23.9	364	263	9	1175	105	23	379	1.51e-25	113
CM_cdhit-1_transcript_250797	BCW-200048_00905	24.3	367	258	9	1175	105	23	379	1.51e-25	113
CM_cdhit-1_transcript_250797	BCW-200056_00222	24.3	367	258	9	1175	105	23	379	1.51e-25	113
CM_cdhit-1_transcript_250797	BCW-200222_03810	23.9	364	263	9	1175	105	23	379	1.51e-25	113
CM_cdhit-1_transcript_250797	BCW-200443_03463	24.3	367	258	9	1175	105	23	379	1.51e-25	113
CM_cdhit-1_transcript_250797	BCW-200211_04085	23.9	364	263	9	1175	105	23	379	4.97e-25	112
CM_cdhit-1_transcript_250797	BCW-201868_03546	23.9	364	265	9	1178	105	22	379	1.63e-24	110
CM_cdhit-1_transcript_250797	BCW-201859_01384	23.9	364	265	9	1178	105	22	379	2.95e-24	109
CM_cdhit-1_transcript_250797	BCW-201875_01958	23.9	364	265	9	1178	105	22	379	2.95e-24	109
CM_cdhit-1_transcript_302032	BCW-201444_00273	40.2	82	49	0	12899	12654	16	97	1.53e-06	55.8
CM_cdhit-1_transcript_302032	BCW-201445_01759	40.2	82	49	0	12899	12654	16	97	1.53e-06	55.8
CM_cdhit-1_transcript_326033	BCW-200073_03085	26.1	234	155	3	253	927	52	276	2.40e-19	90.1
CM_cdhit-1_transcript_326951	BCW-200066_03660	28.2	174	113	4	23	526	9	176	4.58e-13	65.5
CM_cdhit-1_transcript_326951	BCW-200073_01091	34.2	79	46	2	14	250	9	81	6.91e-07	48.5
CM_cdhit-1_transcript_328120	BCW-200073_03085	27.7	224	140	5	6	620	34	254	5.29e-18	85.1
CM_cdhit-1_transcript_328578	BCW-200115_01714	59.7	72	29	0	216	1	164	235	7.66e-25	96.7
CM_cdhit-1_transcript_328578	BCW-200552_02867	60.0	75	29	1	222	1	224	298	7.76e-24	94.0
CM_cdhit-1_transcript_328578	BCW-200559_04252	60.0	75	29	1	222	1	224	298	7.76e-24	94.0
CM_cdhit-1_transcript_328578	BCW-200578_01453	60.0	75	29	1	222	1	224	298	7.76e-24	94.0
CM_cdhit-1_transcript_328578	BCW-200644_00582	60.0	75	29	1	222	1	224	298	7.76e-24	94.0
CM_cdhit-1_transcript_328578	BCW-200647_00172	60.0	75	29	1	222	1	224	298	7.76e-24	94.0
CM_cdhit-1_transcript_328578	BCW-200650_01756	60.0	75	29	1	222	1	224	298	7.76e-24	94.0
CM_cdhit-1_transcript_328578	BCW-200797_02878	60.0	75	29	1	222	1	224	298	7.76e-24	94.0
CM_cdhit-1_transcript_328578	BCW-200798_03501	60.0	75	29	1	222	1	224	298	7.76e-24	94.0
CM_cdhit-1_transcript_328578	BCW-200800_03362	60.0	75	29	1	222	1	224	298	7.76e-24	94.0
CM_cdhit-1_transcript_328578	BCW-200801_03604	60.0	75	29	1	222	1	224	298	7.76e-24	94.0
CM_cdhit-1_transcript_328578	BCW-200818_03159	60.0	75	29	1	222	1	224	298	7.76e-24	94.0
CM_cdhit-1_transcript_328578	BCW-200821_02286	60.0	75	29	1	222	1	224	298	7.76e-24	94.0
CM_cdhit-1_transcript_328578	BCW-200828_03251	60.0	75	29	1	222	1	224	298	7.76e-24	94.0
CM_cdhit-1_transcript_328578	BCW-201059_03155	60.0	75	29	1	222	1	224	298	7.76e-24	94.0
CM_cdhit-1_transcript_328578	BCW-201070_00026	60.0	75	29	1	222	1	224	298	7.76e-24	94.0
CM_cdhit-1_transcript_328578	BCW-201088_01715	60.0	75	29	1	222	1	224	298	7.76e-24	94.0
CM_cdhit-1_transcript_328578	BCW-201091_02638	60.0	75	29	1	222	1	224	298	7.76e-24	94.0
CM_cdhit-1_transcript_328578	BCW-201162_02183	60.0	75	29	1	222	1	224	298	7.76e-24	94.0
CM_cdhit-1_transcript_328578	BCW-201184_03147	60.0	75	29	1	222	1	224	298	7.76e-24	94.0
CM_cdhit-1_transcript_328578	BCW-201259_00191	60.0	75	29	1	222	1	224	298	7.76e-24	94.0
CM_cdhit-1_transcript_328578	BCW-201297_03542	60.0	75	29	1	222	1	224	298	7.76e-24	94.0
CM_cdhit-1_transcript_328578	BCW-201302_00099	60.0	75	29	1	222	1	224	298	7.76e-24	94.0
CM_cdhit-1_transcript_328578	BCW-201303_03435	60.0	75	29	1	222	1	224	298	7.76e-24	94.0
CM_cdhit-1_transcript_328578	BCW-201304_00148	60.0	75	29	1	222	1	224	298	7.76e-24	94.0
CM_cdhit-1_transcript_328657	BCW-200464_01188	27.1	192	121	5	20	556	8	193	9.14e-13	67.8
CM_cdhit-1_transcript_328657	BCW-200215_00062	25.5	188	129	3	20	556	8	193	3.11e-12	66.2
CM_cdhit-1_transcript_328657	BCW-200208_05050	24.5	188	131	3	20	556	8	193	1.43e-11	64.3
CM_cdhit-1_transcript_328657	BCW-200465_03768	23.9	188	132	3	20	556	8	193	1.94e-11	63.9
CM_cdhit-1_transcript_328657	BCW-200328_03890	23.9	188	132	3	20	556	8	193	6.53e-11	62.4
CM_cdhit-1_transcript_328657	BCW-200663_03826	23.9	188	132	3	20	556	8	193	6.53e-11	62.4
CM_cdhit-1_transcript_328657	BCW-200705_02706	23.9	188	132	3	20	556	8	193	6.53e-11	62.4
CM_cdhit-1_transcript_328657	BCW-200902_00666	23.9	188	132	3	20	556	8	193	6.53e-11	62.4
CM_cdhit-1_transcript_328657	BCW-200903_00376	23.9	188	132	3	20	556	8	193	6.53e-11	62.4
CM_cdhit-1_transcript_328657	BCW-200904_02360	23.9	188	132	3	20	556	8	193	6.53e-11	62.4
CM_cdhit-1_transcript_328657	BCW-200910_03884	23.9	188	132	3	20	556	8	193	6.53e-11	62.4
CM_cdhit-1_transcript_328657	BCW-200912_01390	23.9	188	132	3	20	556	8	193	6.53e-11	62.4
CM_cdhit-1_transcript_328657	BCW-200920_03039	23.9	188	132	3	20	556	8	193	6.53e-11	62.4
CM_cdhit-1_transcript_328657	BCW-200011_02925	25.3	221	145	6	26	682	11	213	8.17e-10	58.9
CM_cdhit-1_transcript_328657	BCW-200001_02975	25.3	221	145	6	26	682	11	213	4.99e-09	56.6
CM_cdhit-1_transcript_329279	BCW-201902_08418	21.7	479	363	8	56	1477	5	476	2.91e-31	126
CM_cdhit-1_transcript_329279	BCW-200111_03127	21.7	460	334	9	62	1411	4	447	1.17e-24	107
CM_cdhit-1_transcript_329279	BCW-200031_01131	21.5	460	335	9	62	1411	4	447	3.57e-24	105
CM_cdhit-1_transcript_329279	BCW-200039_08067	21.1	456	342	8	62	1411	4	447	3.57e-24	105
CM_cdhit-1_transcript_329279	BCW-201173_02339	21.3	456	341	8	62	1411	4	447	8.71e-24	104
CM_cdhit-1_transcript_329279	BCW-201082_06119	21.3	451	347	6	62	1411	4	447	1.58e-23	103
CM_cdhit-1_transcript_329279	BCW-201083_03567	21.3	451	347	6	62	1411	4	447	1.58e-23	103
CM_cdhit-1_transcript_329279	BCW-201152_04407	21.3	451	347	6	62	1411	4	447	1.58e-23	103
CM_cdhit-1_transcript_329279	BCW-201154_01448	21.3	451	347	6	62	1411	4	447	1.58e-23	103
CM_cdhit-1_transcript_329279	BCW-200176_03233	21.7	483	349	9	62	1480	4	467	1.59e-23	103
CM_cdhit-1_transcript_329279	BCW-200022_02985	21.1	479	357	8	62	1480	4	467	6.98e-23	102
CM_cdhit-1_transcript_329279	BCW-200024_02120	21.1	479	357	8	62	1480	4	467	6.98e-23	102
CM_cdhit-1_transcript_329279	BCW-200231_03895	20.9	479	358	8	62	1480	4	467	6.98e-23	102
CM_cdhit-1_transcript_329279	BCW-200003_03918	21.1	479	357	8	62	1480	4	467	1.26e-22	101
CM_cdhit-1_transcript_329279	BCW-200033_03625	21.1	479	357	8	62	1480	4	467	1.26e-22	101
CM_cdhit-1_transcript_329279	BCW-200050_01024	21.1	460	337	8	62	1411	4	447	1.26e-22	101
CM_cdhit-1_transcript_329279	BCW-200052_03360	21.1	479	357	8	62	1480	4	467	1.26e-22	101
CM_cdhit-1_transcript_329279	BCW-200071_02877	21.1	479	357	8	62	1480	4	467	1.26e-22	101
CM_cdhit-1_transcript_329279	BCW-200094_03104	21.2	458	339	8	62	1411	4	447	1.26e-22	101
CM_cdhit-1_transcript_329279	BCW-200269_00796	21.1	479	357	8	62	1480	4	467	1.26e-22	101
CM_cdhit-1_transcript_329279	BCW-200270_00629	21.1	479	357	8	62	1480	4	467	1.26e-22	101
CM_cdhit-1_transcript_329279	BCW-200271_00683	21.1	479	357	8	62	1480	4	467	1.26e-22	101
CM_cdhit-1_transcript_329279	BCW-200274_06703	21.1	479	357	8	62	1480	4	467	1.26e-22	101
CM_cdhit-1_transcript_329279	BCW-200275_00900	21.1	479	357	8	62	1480	4	467	1.26e-22	101
CM_cdhit-1_transcript_329279	BCW-200473_00777	21.1	479	357	8	62	1480	4	467	1.26e-22	101
CM_cdhit-1_transcript_331366	BCW-200114_01440	41.1	163	94	2	958	476	9	171	1.55e-41	146
CM_cdhit-1_transcript_331366	BCW-200315_01681	41.1	163	94	2	958	476	9	171	1.55e-41	146
CM_cdhit-1_transcript_331366	BCW-200327_04554	41.1	163	94	2	958	476	9	171	1.55e-41	146
CM_cdhit-1_transcript_331366	BCW-200542_02921	41.1	163	94	2	958	476	9	171	1.55e-41	146
CM_cdhit-1_transcript_331366	BCW-200544_04618	41.1	163	94	2	958	476	9	171	1.55e-41	146
CM_cdhit-1_transcript_331366	BCW-200547_03614	41.1	163	94	2	958	476	9	171	1.55e-41	146
CM_cdhit-1_transcript_331366	BCW-201085_03137	41.1	163	94	2	958	476	9	171	1.55e-41	146
CM_cdhit-1_transcript_331366	BCW-201153_01762	41.1	163	94	2	958	476	9	171	1.55e-41	146
CM_cdhit-1_transcript_331366	BCW-201238_01642	41.1	163	94	2	958	476	9	171	1.55e-41	146
CM_cdhit-1_transcript_331366	BCW-201350_04621	41.1	163	94	2	958	476	9	171	1.55e-41	146
CM_cdhit-1_transcript_331366	BCW-201809_02351	41.1	163	94	2	958	476	9	171	1.55e-41	146
CM_cdhit-1_transcript_331366	BCW-201891_05916	41.1	163	94	2	958	476	9	171	1.55e-41	146
CM_cdhit-1_transcript_331366	BCW-200243_09034	36.4	66	41	1	1272	1078	55	120	9.87e-04	39.7
CM_cdhit-1_transcript_336858	BCW-200208_05050	27.0	270	182	4	50	844	3	262	5.03e-22	96.7
CM_cdhit-1_transcript_336858	BCW-200465_03768	26.7	270	183	4	50	844	3	262	6.82e-22	96.3
CM_cdhit-1_transcript_336858	BCW-200328_03890	27.0	270	182	4	50	844	3	262	9.25e-22	95.9
CM_cdhit-1_transcript_336858	BCW-200663_03826	27.0	270	182	4	50	844	3	262	9.25e-22	95.9
CM_cdhit-1_transcript_336858	BCW-200705_02706	27.0	270	182	4	50	844	3	262	9.25e-22	95.9
CM_cdhit-1_transcript_336858	BCW-200902_00666	27.0	270	182	4	50	844	3	262	9.25e-22	95.9
CM_cdhit-1_transcript_336858	BCW-200903_00376	27.0	270	182	4	50	844	3	262	9.25e-22	95.9
CM_cdhit-1_transcript_336858	BCW-200904_02360	27.0	270	182	4	50	844	3	262	9.25e-22	95.9
CM_cdhit-1_transcript_336858	BCW-200910_03884	27.0	270	182	4	50	844	3	262	9.25e-22	95.9
CM_cdhit-1_transcript_336858	BCW-200912_01390	27.0	270	182	4	50	844	3	262	9.25e-22	95.9
CM_cdhit-1_transcript_336858	BCW-200920_03039	27.0	270	182	4	50	844	3	262	9.25e-22	95.9
CM_cdhit-1_transcript_336858	BCW-200215_00062	27.6	268	179	4	56	844	5	262	1.70e-21	95.1
CM_cdhit-1_transcript_336858	BCW-200464_01188	26.5	268	182	4	56	844	5	262	5.43e-19	87.8
CM_cdhit-1_transcript_336858	BCW-201813_04308	25.4	280	158	9	56	838	36	283	1.23e-13	72.4
CM_cdhit-1_transcript_336858	BCW-201815_01192	25.4	280	158	9	56	838	36	283	1.23e-13	72.4
CM_cdhit-1_transcript_336858	BCW-201818_06885	25.4	280	158	9	56	838	36	283	1.23e-13	72.4
CM_cdhit-1_transcript_336858	BCW-201823_02084	25.4	280	158	9	56	838	36	283	1.23e-13	72.4
CM_cdhit-1_transcript_336858	BCW-201824_06661	25.4	280	158	9	56	838	36	283	1.23e-13	72.4
CM_cdhit-1_transcript_336858	BCW-201825_05320	25.4	280	158	9	56	838	36	283	1.23e-13	72.4
CM_cdhit-1_transcript_336858	BCW-201830_03189	25.4	280	158	9	56	838	36	283	1.23e-13	72.4
CM_cdhit-1_transcript_336858	BCW-201834_01428	25.4	280	158	9	56	838	36	283	1.23e-13	72.4
CM_cdhit-1_transcript_336858	BCW-201836_04438	25.4	280	158	9	56	838	36	283	1.23e-13	72.4
CM_cdhit-1_transcript_336858	BCW-201840_04591	25.4	280	158	9	56	838	36	283	1.23e-13	72.4
CM_cdhit-1_transcript_336858	BCW-201856_03462	25.4	280	158	9	56	838	36	283	1.23e-13	72.4
CM_cdhit-1_transcript_336858	BCW-201860_06619	25.4	280	158	9	56	838	36	283	1.23e-13	72.4
CM_cdhit-1_transcript_340674	BCW-201842_01455	38.7	297	174	4	1067	195	32	326	1.61e-56	196
CM_cdhit-1_transcript_340674	BCW-201896_02744	38.7	297	174	4	1067	195	32	326	1.61e-56	196
CM_cdhit-1_transcript_340674	BCW-201838_01575	39.0	300	169	5	1067	195	32	326	1.61e-55	193
CM_cdhit-1_transcript_340674	BCW-200101_00801	34.5	342	209	7	1079	84	2	338	3.42e-55	192
CM_cdhit-1_transcript_340674	BCW-201835_00290	35.9	284	168	6	1067	246	5	284	1.85e-53	187
CM_cdhit-1_transcript_340674	BCW-200166_02557	34.0	347	211	9	1088	84	1	341	3.55e-51	181
CM_cdhit-1_transcript_340674	BCW-200328_04048	35.9	306	186	5	1091	189	13	313	5.60e-50	178
CM_cdhit-1_transcript_340674	BCW-200705_00704	35.9	306	186	5	1091	189	13	313	5.60e-50	178
CM_cdhit-1_transcript_340674	BCW-200902_00984	35.9	306	186	5	1091	189	13	313	5.60e-50	178
CM_cdhit-1_transcript_340674	BCW-200903_00536	35.9	306	186	5	1091	189	13	313	5.60e-50	178
CM_cdhit-1_transcript_340674	BCW-200904_01059	35.9	306	186	5	1091	189	13	313	5.60e-50	178
CM_cdhit-1_transcript_340674	BCW-200910_00999	35.9	306	186	5	1091	189	13	313	5.60e-50	178
CM_cdhit-1_transcript_340674	BCW-200912_02650	35.9	306	186	5	1091	189	13	313	5.60e-50	178
CM_cdhit-1_transcript_340674	BCW-200920_00400	35.9	306	186	5	1091	189	13	313	5.60e-50	178
CM_cdhit-1_transcript_340674	BCW-200208_02859	35.9	306	186	5	1091	189	13	313	1.07e-49	177
CM_cdhit-1_transcript_340674	BCW-200020_01320	37.2	282	165	8	1085	255	6	280	2.36e-48	173
CM_cdhit-1_transcript_340674	BCW-200044_01227	37.2	282	165	8	1085	255	6	280	2.36e-48	173
CM_cdhit-1_transcript_340674	BCW-200215_00964	34.4	302	190	3	1100	210	10	308	3.99e-48	173
CM_cdhit-1_transcript_340674	BCW-201870_03136	34.4	302	190	3	1100	210	10	308	5.51e-48	172
CM_cdhit-1_transcript_340674	BCW-201872_04979	34.4	302	190	3	1100	210	10	308	5.51e-48	172
CM_cdhit-1_transcript_340674	BCW-200464_02811	33.8	320	182	4	1100	189	10	315	2.77e-47	171
CM_cdhit-1_transcript_340674	BCW-200533_02681	34.8	296	185	6	1070	198	26	318	2.99e-47	171
CM_cdhit-1_transcript_340674	BCW-200008_00201	36.5	282	167	8	1085	255	6	280	3.14e-47	170
CM_cdhit-1_transcript_340674	BCW-200105_01505	33.8	314	190	8	1097	189	1	307	2.29e-46	168
CM_cdhit-1_transcript_340674	BCW-200108_04716	33.8	314	190	8	1097	189	1	307	2.29e-46	168
CM_cdhit-1_transcript_341807	BCW-200012_00953	27.6	312	213	2	1041	121	2	305	9.92e-35	131
CM_cdhit-1_transcript_341807	BCW-200176_03431	24.4	307	229	1	1041	121	2	305	9.92e-35	131
CM_cdhit-1_transcript_341807	BCW-201811_04643	27.2	312	214	2	1041	121	2	305	1.38e-34	130
CM_cdhit-1_transcript_341807	BCW-201832_04630	27.2	312	214	2	1041	121	2	305	1.38e-34	130
CM_cdhit-1_transcript_341807	BCW-201844_07447	27.2	312	214	2	1041	121	2	305	1.38e-34	130
CM_cdhit-1_transcript_341807	BCW-201845_04892	27.2	312	214	2	1041	121	2	305	1.38e-34	130
CM_cdhit-1_transcript_341807	BCW-201877_01446	27.2	312	214	2	1041	121	2	305	1.38e-34	130
CM_cdhit-1_transcript_341807	BCW-201878_04626	27.2	312	214	2	1041	121	2	305	1.38e-34	130
CM_cdhit-1_transcript_341807	BCW-201880_04901	27.2	312	214	2	1041	121	2	305	1.38e-34	130
CM_cdhit-1_transcript_341807	BCW-201882_04623	27.2	312	214	2	1041	121	2	305	1.38e-34	130
CM_cdhit-1_transcript_341807	BCW-201884_04828	27.2	312	214	2	1041	121	2	305	1.38e-34	130
CM_cdhit-1_transcript_341807	BCW-201885_04902	27.2	312	214	2	1041	121	2	305	1.38e-34	130
CM_cdhit-1_transcript_341807	BCW-201889_03385	27.2	312	214	2	1041	121	2	305	1.38e-34	130
CM_cdhit-1_transcript_341807	BCW-201895_04642	27.2	312	214	2	1041	121	2	305	1.38e-34	130
CM_cdhit-1_transcript_341807	BCW-201899_04916	27.2	312	214	2	1041	121	2	305	1.38e-34	130
CM_cdhit-1_transcript_341807	BCW-201903_00107	27.2	312	214	2	1041	121	2	305	1.38e-34	130
CM_cdhit-1_transcript_341807	BCW-201914_01439	27.2	312	214	2	1041	121	2	305	1.38e-34	130
CM_cdhit-1_transcript_341807	BCW-201938_03639	27.2	312	214	2	1041	121	2	305	1.38e-34	130
CM_cdhit-1_transcript_341807	BCW-201945_04645	27.2	312	214	2	1041	121	2	305	1.38e-34	130
CM_cdhit-1_transcript_341807	BCW-201957_02983	27.2	312	214	2	1041	121	2	305	1.38e-34	130
CM_cdhit-1_transcript_341807	BCW-201975_04646	27.2	312	214	2	1041	121	2	305	1.38e-34	130
CM_cdhit-1_transcript_341807	BCW-202005_04648	27.2	312	214	2	1041	121	2	305	1.38e-34	130
CM_cdhit-1_transcript_341807	BCW-200085_12446	27.2	312	214	2	1041	121	2	305	1.92e-34	130
CM_cdhit-1_transcript_341807	BCW-200098_02345	27.2	312	214	2	1041	121	2	305	1.92e-34	130
CM_cdhit-1_transcript_341807	BCW-200107_02144	27.2	312	214	2	1041	121	2	305	1.92e-34	130
CM_cdhit-1_transcript_344904	BCW-200328_03890	27.2	261	174	7	115	867	3	257	2.95e-14	72.0
CM_cdhit-1_transcript_344904	BCW-200663_03826	27.2	261	174	7	115	867	3	257	2.95e-14	72.0
CM_cdhit-1_transcript_344904	BCW-200705_02706	27.2	261	174	7	115	867	3	257	2.95e-14	72.0
CM_cdhit-1_transcript_344904	BCW-200902_00666	27.2	261	174	7	115	867	3	257	2.95e-14	72.0
CM_cdhit-1_transcript_344904	BCW-200903_00376	27.2	261	174	7	115	867	3	257	2.95e-14	72.0
CM_cdhit-1_transcript_344904	BCW-200904_02360	27.2	261	174	7	115	867	3	257	2.95e-14	72.0
CM_cdhit-1_transcript_344904	BCW-200910_03884	27.2	261	174	7	115	867	3	257	2.95e-14	72.0
CM_cdhit-1_transcript_344904	BCW-200912_01390	27.2	261	174	7	115	867	3	257	2.95e-14	72.0
CM_cdhit-1_transcript_344904	BCW-200920_03039	27.2	261	174	7	115	867	3	257	2.95e-14	72.0
CM_cdhit-1_transcript_344904	BCW-200208_05050	27.2	261	174	7	115	867	3	257	5.50e-14	71.2
CM_cdhit-1_transcript_344904	BCW-200465_03768	26.8	261	175	7	115	867	3	257	7.50e-14	70.9
CM_cdhit-1_transcript_344904	BCW-200215_00062	27.4	259	172	7	121	867	5	257	2.58e-13	69.3
CM_cdhit-1_transcript_344904	BCW-200464_01188	27.8	259	171	7	121	867	5	257	8.86e-13	67.8
CM_cdhit-1_transcript_344904	BCW-200001_02975	25.6	246	159	4	139	870	12	235	3.27e-12	65.9
CM_cdhit-1_transcript_344904	BCW-200011_02925	25.6	246	159	4	139	870	12	235	8.23e-12	64.7
CM_cdhit-1_transcript_344904	BCW-201813_04308	24.0	258	174	9	121	867	36	280	9.60e-08	53.1
CM_cdhit-1_transcript_344904	BCW-201815_01192	24.0	258	174	9	121	867	36	280	9.60e-08	53.1
CM_cdhit-1_transcript_344904	BCW-201818_06885	24.0	258	174	9	121	867	36	280	9.60e-08	53.1
CM_cdhit-1_transcript_344904	BCW-201823_02084	24.0	258	174	9	121	867	36	280	9.60e-08	53.1
CM_cdhit-1_transcript_344904	BCW-201824_06661	24.0	258	174	9	121	867	36	280	9.60e-08	53.1
CM_cdhit-1_transcript_344904	BCW-201825_05320	24.0	258	174	9	121	867	36	280	9.60e-08	53.1
CM_cdhit-1_transcript_344904	BCW-201830_03189	24.0	258	174	9	121	867	36	280	9.60e-08	53.1
CM_cdhit-1_transcript_344904	BCW-201834_01428	24.0	258	174	9	121	867	36	280	9.60e-08	53.1
CM_cdhit-1_transcript_344904	BCW-201836_04438	24.0	258	174	9	121	867	36	280	9.60e-08	53.1
CM_cdhit-1_transcript_344904	BCW-201840_04591	24.0	258	174	9	121	867	36	280	9.60e-08	53.1
CM_cdhit-1_transcript_347265	BCW-201870_04755	36.6	380	230	6	95	1231	16	385	3.33e-75	240
CM_cdhit-1_transcript_347265	BCW-201872_08988	36.6	380	230	6	95	1231	16	385	3.33e-75	240
CM_cdhit-1_transcript_347265	BCW-200464_03939	36.1	380	232	6	95	1231	16	385	7.27e-74	237
CM_cdhit-1_transcript_347265	BCW-200215_02179	35.8	380	233	6	95	1231	16	385	2.86e-73	235
CM_cdhit-1_transcript_347265	BCW-200533_04582	33.9	386	235	6	77	1228	16	383	1.36e-66	218
CM_cdhit-1_transcript_347265	BCW-200089_00305	32.5	385	245	8	98	1243	20	392	6.37e-62	206
CM_cdhit-1_transcript_347265	BCW-200091_01862	32.5	385	245	8	98	1243	20	392	6.37e-62	206
CM_cdhit-1_transcript_347265	BCW-200312_03502	32.0	400	233	8	80	1240	7	380	1.76e-61	204
CM_cdhit-1_transcript_347265	BCW-200212_04559	34.1	387	244	8	98	1255	20	396	1.90e-61	204
CM_cdhit-1_transcript_347265	BCW-200130_00879	31.8	400	234	8	80	1240	7	380	2.48e-61	204
CM_cdhit-1_transcript_347265	BCW-201835_01672	31.3	393	252	7	68	1246	3	377	7.35e-59	197
CM_cdhit-1_transcript_348839	BCW-200208_05050	26.8	198	133	3	750	157	8	193	3.62e-10	59.7
CM_cdhit-1_transcript_348839	BCW-200465_03768	26.8	198	133	3	750	157	8	193	4.90e-10	59.3
CM_cdhit-1_transcript_348839	BCW-200215_00062	27.3	198	132	3	750	157	8	193	6.65e-10	58.9
CM_cdhit-1_transcript_348839	BCW-200328_03890	26.3	198	134	3	750	157	8	193	1.65e-09	57.8
CM_cdhit-1_transcript_348839	BCW-200663_03826	26.3	198	134	3	750	157	8	193	1.65e-09	57.8
CM_cdhit-1_transcript_348839	BCW-200705_02706	26.3	198	134	3	750	157	8	193	1.65e-09	57.8
CM_cdhit-1_transcript_348839	BCW-200902_00666	26.3	198	134	3	750	157	8	193	1.65e-09	57.8
CM_cdhit-1_transcript_348839	BCW-200903_00376	26.3	198	134	3	750	157	8	193	1.65e-09	57.8
CM_cdhit-1_transcript_348839	BCW-200904_02360	26.3	198	134	3	750	157	8	193	1.65e-09	57.8
CM_cdhit-1_transcript_348839	BCW-200910_03884	26.3	198	134	3	750	157	8	193	1.65e-09	57.8
CM_cdhit-1_transcript_348839	BCW-200912_01390	26.3	198	134	3	750	157	8	193	1.65e-09	57.8
CM_cdhit-1_transcript_348839	BCW-200920_03039	26.3	198	134	3	750	157	8	193	1.65e-09	57.8
CM_cdhit-1_transcript_348839	BCW-200464_01188	26.3	198	134	3	750	157	8	193	1.85e-08	54.7
CM_cdhit-1_transcript_348839	BCW-201813_04308	24.5	204	137	6	750	151	39	229	3.24e-06	48.1
CM_cdhit-1_transcript_348839	BCW-201815_01192	24.5	204	137	6	750	151	39	229	3.24e-06	48.1
CM_cdhit-1_transcript_348839	BCW-201818_06885	24.5	204	137	6	750	151	39	229	3.24e-06	48.1
CM_cdhit-1_transcript_348839	BCW-201823_02084	24.5	204	137	6	750	151	39	229	3.24e-06	48.1
CM_cdhit-1_transcript_348839	BCW-201824_06661	24.5	204	137	6	750	151	39	229	3.24e-06	48.1
CM_cdhit-1_transcript_348839	BCW-201825_05320	24.5	204	137	6	750	151	39	229	3.24e-06	48.1
CM_cdhit-1_transcript_348839	BCW-201830_03189	24.5	204	137	6	750	151	39	229	3.24e-06	48.1
CM_cdhit-1_transcript_348839	BCW-201834_01428	24.5	204	137	6	750	151	39	229	3.24e-06	48.1
CM_cdhit-1_transcript_348839	BCW-201836_04438	24.5	204	137	6	750	151	39	229	3.24e-06	48.1
CM_cdhit-1_transcript_348839	BCW-201840_04591	24.5	204	137	6	750	151	39	229	3.24e-06	48.1
CM_cdhit-1_transcript_348839	BCW-201856_03462	24.5	204	137	6	750	151	39	229	3.24e-06	48.1
CM_cdhit-1_transcript_348839	BCW-201860_06619	24.5	204	137	6	750	151	39	229	3.24e-06	48.1
CM_cdhit-1_transcript_350390	BCW-200526_00413	23.5	277	193	5	1401	583	30	291	1.05e-13	72.4
CM_cdhit-1_transcript_350390	BCW-201051_03770	23.5	277	193	5	1401	583	30	291	1.05e-13	72.4
CM_cdhit-1_transcript_350390	BCW-201054_00118	23.5	277	193	5	1401	583	30	291	1.05e-13	72.4
CM_cdhit-1_transcript_350390	BCW-201079_00693	23.5	277	193	5	1401	583	30	291	1.05e-13	72.4
CM_cdhit-1_transcript_350390	BCW-201653_00317	23.5	277	193	5	1401	583	30	291	1.05e-13	72.4
CM_cdhit-1_transcript_350390	BCW-201662_01469	23.5	277	193	5	1401	583	30	291	1.05e-13	72.4
CM_cdhit-1_transcript_350390	BCW-200061_05026	23.2	271	189	5	1401	601	30	285	6.17e-13	70.1
CM_cdhit-1_transcript_350390	BCW-201082_03081	22.4	281	191	8	1401	583	30	291	6.30e-13	70.1
CM_cdhit-1_transcript_350390	BCW-201083_01950	22.4	281	191	8	1401	583	30	291	6.30e-13	70.1
CM_cdhit-1_transcript_350390	BCW-201152_03299	22.4	281	191	8	1401	583	30	291	6.30e-13	70.1
CM_cdhit-1_transcript_350390	BCW-201154_02853	22.4	281	191	8	1401	583	30	291	6.30e-13	70.1
CM_cdhit-1_transcript_350390	BCW-200036_04579	21.4	281	194	8	1401	583	30	291	2.89e-11	65.1
CM_cdhit-1_transcript_350390	BCW-200039_03091	22.1	281	192	8	1401	583	30	291	2.89e-11	65.1
CM_cdhit-1_transcript_350390	BCW-200087_02496	21.4	281	194	8	1401	583	30	291	2.89e-11	65.1
CM_cdhit-1_transcript_350390	BCW-200144_02739	28.0	93	67	0	897	619	172	264	6.68e-07	51.6
CM_cdhit-1_transcript_350390	BCW-200146_02560	28.0	93	67	0	897	619	172	264	6.68e-07	51.6
CM_cdhit-1_transcript_350390	BCW-200149_04153	28.0	93	67	0	897	619	172	264	6.68e-07	51.6
CM_cdhit-1_transcript_350390	BCW-200152_02219	28.0	93	67	0	897	619	172	264	6.68e-07	51.6
CM_cdhit-1_transcript_350390	BCW-200213_02159	28.0	93	67	0	897	619	172	264	6.68e-07	51.6
CM_cdhit-1_transcript_350390	BCW-200552_03678	28.0	93	67	0	897	619	175	267	2.90e-06	49.7
CM_cdhit-1_transcript_350390	BCW-200559_02808	28.0	93	67	0	897	619	175	267	2.90e-06	49.7
CM_cdhit-1_transcript_350390	BCW-200797_01519	28.0	93	67	0	897	619	175	267	2.90e-06	49.7
CM_cdhit-1_transcript_350390	BCW-200798_03736	28.0	93	67	0	897	619	175	267	2.90e-06	49.7
CM_cdhit-1_transcript_350390	BCW-200800_00427	28.0	93	67	0	897	619	175	267	2.90e-06	49.7
CM_cdhit-1_transcript_350390	BCW-200801_01932	28.0	93	67	0	897	619	175	267	2.90e-06	49.7
CM_cdhit-1_transcript_351416	BCW-200465_01305	30.7	88	58	2	282	19	911	995	4.88e-04	42.0
CM_cdhit-1_transcript_351416	BCW-200208_02747	30.7	88	58	2	282	19	921	1005	4.88e-04	42.0
CM_cdhit-1_transcript_351416	BCW-200663_05158	30.7	88	58	2	282	19	926	1010	4.89e-04	42.0
CM_cdhit-1_transcript_351416	BCW-200464_04021	35.2	88	51	3	282	22	619	701	8.04e-04	41.2
CM_cdhit-1_transcript_351416	BCW-200328_00747	30.7	88	58	2	282	19	926	1010	8.66e-04	41.2
CM_cdhit-1_transcript_351416	BCW-200705_04618	30.7	88	58	2	282	19	926	1010	8.66e-04	41.2
CM_cdhit-1_transcript_351416	BCW-200902_03185	30.7	88	58	2	282	19	926	1010	8.66e-04	41.2
CM_cdhit-1_transcript_351416	BCW-200903_01167	30.7	88	58	2	282	19	926	1010	8.66e-04	41.2
CM_cdhit-1_transcript_351416	BCW-200904_05563	30.7	88	58	2	282	19	926	1010	8.66e-04	41.2
CM_cdhit-1_transcript_351416	BCW-200910_02929	30.7	88	58	2	282	19	926	1010	8.66e-04	41.2
CM_cdhit-1_transcript_351416	BCW-200912_01043	30.7	88	58	2	282	19	926	1010	8.66e-04	41.2
CM_cdhit-1_transcript_351416	BCW-200920_04830	30.7	88	58	2	282	19	926	1010	8.66e-04	41.2
CM_cdhit-1_transcript_354923	BCW-200105_02028	74.2	128	33	0	402	785	1	128	6.29e-64	200
CM_cdhit-1_transcript_354923	BCW-200108_08529	74.2	128	33	0	402	785	1	128	6.29e-64	200
CM_cdhit-1_transcript_354923	BCW-200112_02930	74.2	128	33	0	402	785	1	128	6.29e-64	200
CM_cdhit-1_transcript_354923	BCW-200116_03491	74.2	128	33	0	402	785	1	128	6.29e-64	200
CM_cdhit-1_transcript_354923	BCW-200118_03586	74.2	128	33	0	402	785	1	128	6.29e-64	200
CM_cdhit-1_transcript_354923	BCW-200119_03447	74.2	128	33	0	402	785	1	128	6.29e-64	200
CM_cdhit-1_transcript_354923	BCW-200097_03235	74.2	128	33	0	402	785	1	128	8.89e-64	200
CM_cdhit-1_transcript_354923	BCW-200002_03056	72.7	128	35	0	402	785	1	128	5.64e-62	195
CM_cdhit-1_transcript_354923	BCW-200008_01463	72.7	128	35	0	402	785	1	128	5.64e-62	195
CM_cdhit-1_transcript_354923	BCW-200020_03959	72.7	128	35	0	402	785	1	128	5.64e-62	195
CM_cdhit-1_transcript_354923	BCW-200032_03198	72.7	128	35	0	402	785	1	128	5.64e-62	195
CM_cdhit-1_transcript_354923	BCW-200044_02676	72.7	128	35	0	402	785	1	128	5.64e-62	195
CM_cdhit-1_transcript_354923	BCW-200081_02893	72.7	128	35	0	402	785	1	128	5.64e-62	195
CM_cdhit-1_transcript_354923	BCW-200085_02274	72.7	128	35	0	402	785	1	128	5.64e-62	195
CM_cdhit-1_transcript_354923	BCW-200098_11431	72.7	128	35	0	402	785	1	128	5.64e-62	195
CM_cdhit-1_transcript_354923	BCW-200100_02864	72.7	128	35	0	402	785	1	128	5.64e-62	195
CM_cdhit-1_transcript_354923	BCW-200065_02624	72.4	127	35	0	402	782	1	127	7.98e-62	195
CM_cdhit-1_transcript_354923	BCW-200471_03142	72.4	127	35	0	402	782	1	127	7.98e-62	195
CM_cdhit-1_transcript_354923	BCW-200048_00890	71.7	127	36	0	402	782	1	127	4.49e-61	193
CM_cdhit-1_transcript_354923	BCW-200052_02639	71.7	127	36	0	402	782	1	127	4.49e-61	193
CM_cdhit-1_transcript_354923	BCW-200056_00237	71.7	127	36	0	402	782	1	127	4.49e-61	193
CM_cdhit-1_transcript_354923	BCW-200068_03982	71.7	127	36	0	402	782	1	127	4.49e-61	193
CM_cdhit-1_transcript_354923	BCW-200267_05991	71.7	127	36	0	402	782	1	127	4.49e-61	193
CM_cdhit-1_transcript_354923	BCW-200290_05222	71.7	127	36	0	402	782	1	127	4.49e-61	193
CM_cdhit-1_transcript_354923	BCW-200443_03478	71.7	127	36	0	402	782	1	127	4.49e-61	193
CM_cdhit-1_transcript_355167	BCW-201813_04308	31.2	253	165	6	134	874	31	280	1.47e-24	101
CM_cdhit-1_transcript_355167	BCW-201815_01192	31.2	253	165	6	134	874	31	280	1.47e-24	101
CM_cdhit-1_transcript_355167	BCW-201818_06885	31.2	253	165	6	134	874	31	280	1.47e-24	101
CM_cdhit-1_transcript_355167	BCW-201823_02084	31.2	253	165	6	134	874	31	280	1.47e-24	101
CM_cdhit-1_transcript_355167	BCW-201824_06661	31.2	253	165	6	134	874	31	280	1.47e-24	101
CM_cdhit-1_transcript_355167	BCW-201825_05320	31.2	253	165	6	134	874	31	280	1.47e-24	101
CM_cdhit-1_transcript_355167	BCW-201830_03189	31.2	253	165	6	134	874	31	280	1.47e-24	101
CM_cdhit-1_transcript_355167	BCW-201834_01428	31.2	253	165	6	134	874	31	280	1.47e-24	101
CM_cdhit-1_transcript_355167	BCW-201836_04438	31.2	253	165	6	134	874	31	280	1.47e-24	101
CM_cdhit-1_transcript_355167	BCW-201840_04591	31.2	253	165	6	134	874	31	280	1.47e-24	101
CM_cdhit-1_transcript_355167	BCW-201856_03462	31.2	253	165	6	134	874	31	280	1.47e-24	101
CM_cdhit-1_transcript_355167	BCW-201860_06619	31.2	253	165	6	134	874	31	280	1.47e-24	101
CM_cdhit-1_transcript_355167	BCW-201894_02046	31.2	253	165	6	134	874	31	280	1.47e-24	101
CM_cdhit-1_transcript_355167	BCW-201911_03465	31.2	253	165	6	134	874	31	280	1.47e-24	101
CM_cdhit-1_transcript_355167	BCW-201915_02494	31.2	253	165	6	134	874	31	280	1.47e-24	101
CM_cdhit-1_transcript_355167	BCW-201916_02372	31.2	253	165	6	134	874	31	280	1.47e-24	101
CM_cdhit-1_transcript_355167	BCW-201919_02413	31.2	253	165	6	134	874	31	280	1.47e-24	101
CM_cdhit-1_transcript_355167	BCW-201954_08318	31.2	253	165	6	134	874	31	280	1.47e-24	101
CM_cdhit-1_transcript_355167	BCW-200011_02925	34.7	190	119	3	317	877	48	235	2.26e-22	94.7
CM_cdhit-1_transcript_355167	BCW-200001_02975	34.2	190	120	3	317	877	48	235	3.13e-22	94.4
CM_cdhit-1_transcript_355167	BCW-200215_00062	31.6	256	158	5	149	874	5	257	2.30e-21	92.4
CM_cdhit-1_transcript_355167	BCW-200464_01188	31.3	256	159	5	149	874	5	257	1.14e-20	90.5
CM_cdhit-1_transcript_355167	BCW-200208_05050	29.7	259	159	6	149	874	5	257	2.78e-19	86.7
CM_cdhit-1_transcript_355167	BCW-200465_03768	29.3	259	160	6	149	874	5	257	3.82e-19	86.3
CM_cdhit-1_transcript_355167	BCW-200328_03890	29.3	259	160	6	149	874	5	257	1.36e-18	84.7
CM_cdhit-1_transcript_356967	BCW-200111_03273	27.2	173	105	7	551	1024	830	996	4.06e-08	56.6
CM_cdhit-1_transcript_356967	BCW-200127_06875	27.2	173	105	7	551	1024	830	996	4.06e-08	56.6
CM_cdhit-1_transcript_356967	BCW-201870_02523	27.1	118	82	2	551	892	2	119	6.98e-08	55.5
CM_cdhit-1_transcript_356967	BCW-201872_08409	27.1	118	82	2	551	892	2	119	6.98e-08	55.5
CM_cdhit-1_transcript_356967	BCW-200215_02432	27.1	118	82	2	551	892	2	119	9.22e-08	55.1
CM_cdhit-1_transcript_356967	BCW-200464_02227	27.1	118	82	2	551	892	2	119	9.22e-08	55.1
CM_cdhit-1_transcript_356967	BCW-200208_00920	26.3	118	83	2	551	892	2	119	1.22e-07	54.7
CM_cdhit-1_transcript_356967	BCW-200328_05585	26.3	118	83	2	551	892	2	119	1.22e-07	54.7
CM_cdhit-1_transcript_356967	BCW-200465_05274	26.3	118	83	2	551	892	2	119	1.22e-07	54.7
CM_cdhit-1_transcript_356967	BCW-200663_01668	26.3	118	83	2	551	892	2	119	1.22e-07	54.7
CM_cdhit-1_transcript_356967	BCW-200705_05247	26.3	118	83	2	551	892	2	119	1.22e-07	54.7
CM_cdhit-1_transcript_356967	BCW-200902_04393	26.3	118	83	2	551	892	2	119	1.22e-07	54.7
CM_cdhit-1_transcript_356967	BCW-200903_02521	26.3	118	83	2	551	892	2	119	1.22e-07	54.7
CM_cdhit-1_transcript_356967	BCW-200904_05003	26.3	118	83	2	551	892	2	119	1.22e-07	54.7
CM_cdhit-1_transcript_356967	BCW-200910_05616	26.3	118	83	2	551	892	2	119	1.22e-07	54.7
CM_cdhit-1_transcript_356967	BCW-200912_05507	26.3	118	83	2	551	892	2	119	1.22e-07	54.7
CM_cdhit-1_transcript_356967	BCW-200920_05780	26.3	118	83	2	551	892	2	119	1.22e-07	54.7
CM_cdhit-1_transcript_356967	BCW-200049_04584	29.1	117	75	4	554	889	829	942	5.91e-06	49.7
CM_cdhit-1_transcript_356967	BCW-200053_03790	29.1	117	75	4	554	889	829	942	5.91e-06	49.7
CM_cdhit-1_transcript_356967	BCW-200328_04204	26.8	112	77	3	563	892	949	1057	1.23e-04	45.4
CM_cdhit-1_transcript_356967	BCW-200705_00860	26.8	112	77	3	563	892	949	1057	1.23e-04	45.4
CM_cdhit-1_transcript_356967	BCW-200902_01140	26.8	112	77	3	563	892	949	1057	1.23e-04	45.4
CM_cdhit-1_transcript_356967	BCW-200903_00694	26.8	112	77	3	563	892	949	1057	1.23e-04	45.4
CM_cdhit-1_transcript_356967	BCW-200904_01215	26.8	112	77	3	563	892	949	1057	1.23e-04	45.4
CM_cdhit-1_transcript_356967	BCW-200910_01155	26.8	112	77	3	563	892	949	1057	1.23e-04	45.4
CM_cdhit-1_transcript_358095	BCW-200279_02235	37.5	309	165	5	918	1	12	295	5.76e-48	173
CM_cdhit-1_transcript_359185	BCW-200010_01514	59.0	354	142	3	2384	1329	2	354	1.77e-139	417
CM_cdhit-1_transcript_359185	BCW-200046_03606	59.3	354	141	3	2384	1329	2	354	1.77e-139	417
CM_cdhit-1_transcript_359185	BCW-200042_06595	57.7	366	152	3	2420	1329	35	399	2.94e-139	418
CM_cdhit-1_transcript_359185	BCW-200436_01645	58.2	354	145	3	2384	1329	2	354	9.91e-139	415
CM_cdhit-1_transcript_359185	BCW-200621_02581	58.2	354	145	3	2384	1329	2	354	9.91e-139	415
CM_cdhit-1_transcript_359185	BCW-201862_04569	58.2	354	145	3	2384	1329	2	354	9.91e-139	415
CM_cdhit-1_transcript_359185	BCW-200458_00794	57.9	354	146	3	2384	1329	2	354	5.55e-138	413
CM_cdhit-1_transcript_359185	BCW-201292_04708	57.9	354	146	3	2384	1329	2	354	5.55e-138	413
CM_cdhit-1_transcript_359185	BCW-201293_00670	57.9	354	146	3	2384	1329	2	354	5.55e-138	413
CM_cdhit-1_transcript_359185	BCW-200432_04943	57.6	354	147	3	2384	1329	2	354	1.56e-137	412
CM_cdhit-1_transcript_359185	BCW-200460_02541	57.6	354	147	3	2384	1329	2	354	2.20e-137	412
CM_cdhit-1_transcript_359185	BCW-200599_04936	57.6	354	147	3	2384	1329	2	354	2.20e-137	412
CM_cdhit-1_transcript_359185	BCW-200073_04800	57.3	354	148	3	2384	1329	2	354	3.10e-137	411
CM_cdhit-1_transcript_359185	BCW-201902_02232	58.1	332	136	3	2318	1329	1	331	4.14e-130	392
CM_cdhit-1_transcript_359185	BCW-200209_02339	53.3	360	155	5	2378	1326	4	359	8.79e-121	369
CM_cdhit-1_transcript_359185	BCW-201838_02873	51.1	360	170	4	2390	1323	1	358	2.27e-113	349
CM_cdhit-1_transcript_359185	BCW-201185_03662	51.4	356	167	3	2384	1326	2	354	2.68e-113	349
CM_cdhit-1_transcript_359185	BCW-201257_03658	51.4	356	167	3	2384	1326	2	354	2.68e-113	349
CM_cdhit-1_transcript_359185	BCW-200327_03830	51.1	356	168	3	2384	1326	2	354	5.30e-113	348
CM_cdhit-1_transcript_359185	BCW-201809_03074	51.1	356	168	3	2384	1326	2	354	5.30e-113	348
CM_cdhit-1_transcript_359185	BCW-201819_02215	50.8	360	171	4	2390	1323	1	358	3.48e-112	346
CM_cdhit-1_transcript_359185	BCW-201844_07548	50.8	360	171	4	2390	1323	1	358	3.48e-112	346
CM_cdhit-1_transcript_359185	BCW-201842_02808	50.0	360	174	4	2390	1323	1	358	1.36e-111	345
CM_cdhit-1_transcript_359185	BCW-201896_01450	50.0	360	174	4	2390	1323	1	358	1.36e-111	345
CM_cdhit-1_transcript_359185	BCW-200176_01279	51.1	354	170	3	2381	1326	5	357	1.72e-111	345
CM_cdhit-1_transcript_361421	BCW-200111_01644	31.1	122	81	3	223	585	1	120	1.72e-10	63.9
CM_cdhit-1_transcript_361421	BCW-200276_04556	29.5	122	83	3	223	585	1	120	8.79e-09	58.5
CM_cdhit-1_transcript_361421	BCW-200553_04268	29.5	122	83	3	223	585	1	120	8.79e-09	58.5
CM_cdhit-1_transcript_361421	BCW-200661_05168	29.5	122	83	3	223	585	1	120	8.79e-09	58.5
CM_cdhit-1_transcript_361421	BCW-200665_01290	29.5	122	83	3	223	585	1	120	8.79e-09	58.5
CM_cdhit-1_transcript_361421	BCW-200704_04263	29.5	122	83	3	223	585	1	120	8.79e-09	58.5
CM_cdhit-1_transcript_361421	BCW-200775_05152	29.5	122	83	3	223	585	1	120	8.79e-09	58.5
CM_cdhit-1_transcript_361421	BCW-200776_04855	29.5	122	83	3	223	585	1	120	8.79e-09	58.5
CM_cdhit-1_transcript_361421	BCW-201075_04549	29.5	122	83	3	223	585	1	120	8.79e-09	58.5
CM_cdhit-1_transcript_361421	BCW-201078_04425	29.5	122	83	3	223	585	1	120	8.79e-09	58.5
CM_cdhit-1_transcript_361421	BCW-201097_03330	29.5	122	83	3	223	585	1	120	8.79e-09	58.5
CM_cdhit-1_transcript_361421	BCW-201098_03762	29.5	122	83	3	223	585	1	120	8.79e-09	58.5
CM_cdhit-1_transcript_361421	BCW-201107_04488	29.5	122	83	3	223	585	1	120	8.79e-09	58.5
CM_cdhit-1_transcript_361421	BCW-201614_00309	29.5	122	83	3	223	585	1	120	8.79e-09	58.5
CM_cdhit-1_transcript_361421	BCW-201615_04955	29.5	122	83	3	223	585	1	120	8.79e-09	58.5
CM_cdhit-1_transcript_361421	BCW-201620_04844	29.5	122	83	3	223	585	1	120	8.79e-09	58.5
CM_cdhit-1_transcript_361421	BCW-201703_04817	29.5	122	83	3	223	585	1	120	8.79e-09	58.5
CM_cdhit-1_transcript_361421	BCW-200036_03029	28.7	122	84	3	223	585	1	120	1.16e-08	58.2
CM_cdhit-1_transcript_361421	BCW-200087_05411	28.7	122	84	3	223	585	1	120	1.16e-08	58.2
CM_cdhit-1_transcript_361421	BCW-201173_03375	31.0	116	77	3	241	585	7	120	2.04e-08	57.4
CM_cdhit-1_transcript_361421	BCW-200127_00533	35.2	88	55	2	325	585	16	102	2.60e-08	57.0
CM_cdhit-1_transcript_361421	BCW-201173_00995	31.0	129	85	4	229	609	4	130	4.54e-08	56.2
CM_cdhit-1_transcript_361421	BCW-200539_01649	28.7	122	84	3	223	585	1	120	1.45e-07	54.7
CM_cdhit-1_transcript_361421	BCW-200983_01043	28.7	122	84	3	223	585	1	120	1.45e-07	54.7
CM_cdhit-1_transcript_361421	BCW-200984_01564	28.7	122	84	3	223	585	1	120	1.45e-07	54.7
CM_cdhit-1_transcript_361932	BCW-200471_03157	41.3	213	119	5	2	625	171	382	3.49e-42	157
CM_cdhit-1_transcript_361932	BCW-201859_01384	40.4	213	121	5	2	625	171	382	1.73e-41	155
CM_cdhit-1_transcript_361932	BCW-201875_01958	40.4	213	121	5	2	625	171	382	1.73e-41	155
CM_cdhit-1_transcript_361932	BCW-201947_01940	40.4	213	121	5	2	625	171	382	1.73e-41	155
CM_cdhit-1_transcript_361932	BCW-201868_03546	40.8	213	120	5	2	625	171	382	3.27e-41	154
CM_cdhit-1_transcript_361932	BCW-200068_03997	41.8	213	118	5	2	625	171	382	6.20e-41	153
CM_cdhit-1_transcript_361932	BCW-200290_05237	40.8	213	120	5	2	625	171	382	6.20e-41	153
CM_cdhit-1_transcript_361932	BCW-200048_00905	40.8	213	120	5	2	625	171	382	8.53e-41	153
CM_cdhit-1_transcript_361932	BCW-200056_00222	40.8	213	120	5	2	625	171	382	8.53e-41	153
CM_cdhit-1_transcript_361932	BCW-200267_05976	41.3	213	119	5	2	625	171	382	8.53e-41	153
CM_cdhit-1_transcript_361932	BCW-200443_03463	40.8	213	120	5	2	625	171	382	8.53e-41	153
CM_cdhit-1_transcript_361932	BCW-200476_04576	41.3	213	119	5	2	625	171	382	8.53e-41	153
CM_cdhit-1_transcript_361932	BCW-200497_04909	41.3	213	119	5	2	625	171	382	8.53e-41	153
CM_cdhit-1_transcript_361932	BCW-200498_05074	41.3	213	119	5	2	625	171	382	8.53e-41	153
CM_cdhit-1_transcript_361932	BCW-200516_03456	41.3	213	119	5	2	625	171	382	8.53e-41	153
CM_cdhit-1_transcript_361932	BCW-200526_03723	41.3	213	119	5	2	625	171	382	8.53e-41	153
CM_cdhit-1_transcript_361932	BCW-200527_05293	41.3	213	119	5	2	625	171	382	8.53e-41	153
CM_cdhit-1_transcript_361932	BCW-200528_02542	41.3	213	119	5	2	625	171	382	8.53e-41	153
CM_cdhit-1_transcript_361932	BCW-200588_03742	41.3	213	119	5	2	625	171	382	8.53e-41	153
CM_cdhit-1_transcript_361932	BCW-200607_03907	41.3	213	119	5	2	625	171	382	8.53e-41	153
CM_cdhit-1_transcript_361932	BCW-200790_05033	41.3	213	119	5	2	625	171	382	8.53e-41	153
CM_cdhit-1_transcript_361932	BCW-200791_00971	41.3	213	119	5	2	625	171	382	8.53e-41	153
CM_cdhit-1_transcript_361932	BCW-200010_00816	40.4	213	121	5	2	625	171	382	1.49e-39	149
CM_cdhit-1_transcript_361932	BCW-200042_00290	40.4	213	121	5	2	625	171	382	1.49e-39	149
CM_cdhit-1_transcript_361932	BCW-200211_04085	40.4	213	121	5	2	625	171	382	1.49e-39	149
CM_cdhit-1_transcript_362795	BCW-200002_02331	36.4	231	147	0	2307	2999	1	231	1.72e-47	172
CM_cdhit-1_transcript_362795	BCW-200008_01290	36.4	231	147	0	2307	2999	1	231	1.72e-47	172
CM_cdhit-1_transcript_362795	BCW-200020_00957	36.4	231	147	0	2307	2999	1	231	1.72e-47	172
CM_cdhit-1_transcript_362795	BCW-200032_01757	36.4	231	147	0	2307	2999	1	231	1.72e-47	172
CM_cdhit-1_transcript_362795	BCW-200044_01716	36.4	231	147	0	2307	2999	1	231	1.72e-47	172
CM_cdhit-1_transcript_362795	BCW-200081_03223	36.4	231	147	0	2307	2999	1	231	1.72e-47	172
CM_cdhit-1_transcript_362795	BCW-200085_06625	36.4	231	147	0	2307	2999	1	231	1.72e-47	172
CM_cdhit-1_transcript_362795	BCW-200098_12089	36.4	231	147	0	2307	2999	1	231	1.72e-47	172
CM_cdhit-1_transcript_362795	BCW-200100_01623	36.4	231	147	0	2307	2999	1	231	1.72e-47	172
CM_cdhit-1_transcript_362795	BCW-200097_01036	36.4	231	147	0	2307	2999	1	231	2.34e-47	171
CM_cdhit-1_transcript_362795	BCW-200105_03055	36.4	231	147	0	2307	2999	1	231	2.34e-47	171
CM_cdhit-1_transcript_362795	BCW-200108_04001	36.4	231	147	0	2307	2999	1	231	2.34e-47	171
CM_cdhit-1_transcript_362795	BCW-200112_02247	36.4	231	147	0	2307	2999	1	231	2.34e-47	171
CM_cdhit-1_transcript_362795	BCW-200116_01153	36.4	231	147	0	2307	2999	1	231	2.34e-47	171
CM_cdhit-1_transcript_362795	BCW-200118_01426	36.4	231	147	0	2307	2999	1	231	2.34e-47	171
CM_cdhit-1_transcript_362795	BCW-200119_02198	36.4	231	147	0	2307	2999	1	231	2.34e-47	171
CM_cdhit-1_transcript_362795	BCW-200785_05802	34.2	234	150	1	2310	2999	3	236	2.68e-45	166
CM_cdhit-1_transcript_362795	BCW-201290_03192	34.2	234	150	1	2310	2999	3	236	2.68e-45	166
CM_cdhit-1_transcript_362795	BCW-200089_07501	35.8	232	145	1	2310	2993	3	234	5.99e-44	162
CM_cdhit-1_transcript_362795	BCW-200598_08580	35.9	256	155	3	2307	3047	1	256	4.58e-42	156
CM_cdhit-1_transcript_362795	BCW-200033_02979	38.0	234	140	2	2307	2993	1	234	6.23e-42	156
CM_cdhit-1_transcript_362795	BCW-200040_03787	38.0	234	140	2	2307	2993	1	234	6.23e-42	156
CM_cdhit-1_transcript_362795	BCW-200205_03400	38.0	234	140	2	2307	2993	1	234	6.23e-42	156
CM_cdhit-1_transcript_362795	BCW-200556_01936	38.0	234	140	2	2307	2993	1	234	6.23e-42	156
CM_cdhit-1_transcript_362795	BCW-200989_02590	38.0	234	140	2	2307	2993	1	234	6.23e-42	156
CM_cdhit-1_transcript_363887	BCW-200103_00161	33.7	86	56	1	339	85	405	490	4.06e-07	52.0
CM_cdhit-1_transcript_363887	BCW-200144_02739	29.8	84	59	0	333	82	182	265	1.06e-05	47.0
CM_cdhit-1_transcript_363887	BCW-200146_02560	29.8	84	59	0	333	82	182	265	1.06e-05	47.0
CM_cdhit-1_transcript_363887	BCW-200149_04153	29.8	84	59	0	333	82	182	265	1.06e-05	47.0
CM_cdhit-1_transcript_363887	BCW-200152_02219	29.8	84	59	0	333	82	182	265	1.06e-05	47.0
CM_cdhit-1_transcript_363887	BCW-200213_02159	29.8	84	59	0	333	82	182	265	1.06e-05	47.0
CM_cdhit-1_transcript_363887	BCW-200552_03678	28.6	84	60	0	333	82	185	268	8.16e-05	44.3
CM_cdhit-1_transcript_363887	BCW-200559_02808	28.6	84	60	0	333	82	185	268	8.16e-05	44.3
CM_cdhit-1_transcript_363887	BCW-200797_01519	28.6	84	60	0	333	82	185	268	8.16e-05	44.3
CM_cdhit-1_transcript_363887	BCW-200798_03736	28.6	84	60	0	333	82	185	268	8.16e-05	44.3
CM_cdhit-1_transcript_363887	BCW-200800_00427	28.6	84	60	0	333	82	185	268	8.16e-05	44.3
CM_cdhit-1_transcript_363887	BCW-200801_01932	28.6	84	60	0	333	82	185	268	8.16e-05	44.3
CM_cdhit-1_transcript_363887	BCW-200818_00551	28.6	84	60	0	333	82	185	268	8.16e-05	44.3
CM_cdhit-1_transcript_363887	BCW-201059_02762	28.6	84	60	0	333	82	185	268	8.16e-05	44.3
CM_cdhit-1_transcript_363887	BCW-201070_04314	28.6	84	60	0	333	82	185	268	8.16e-05	44.3
CM_cdhit-1_transcript_363887	BCW-201088_02814	28.6	84	60	0	333	82	185	268	8.16e-05	44.3
CM_cdhit-1_transcript_363887	BCW-201091_03673	28.6	84	60	0	333	82	185	268	8.16e-05	44.3
CM_cdhit-1_transcript_363887	BCW-201162_01017	28.6	84	60	0	333	82	185	268	8.16e-05	44.3
CM_cdhit-1_transcript_363887	BCW-201184_03355	28.6	84	60	0	333	82	185	268	8.16e-05	44.3
CM_cdhit-1_transcript_363887	BCW-201259_03414	28.6	84	60	0	333	82	185	268	8.16e-05	44.3
CM_cdhit-1_transcript_363887	BCW-201954_07291	28.6	84	60	0	333	82	185	268	8.16e-05	44.3
CM_cdhit-1_transcript_363887	BCW-201245_03210	28.6	84	60	0	333	82	185	268	1.09e-04	43.9
CM_cdhit-1_transcript_363887	BCW-201248_01229	28.6	84	60	0	333	82	185	268	1.09e-04	43.9
CM_cdhit-1_transcript_363887	BCW-200545_01177	29.1	79	56	0	318	82	190	268	2.60e-04	42.7
CM_cdhit-1_transcript_363887	BCW-200564_01769	29.1	79	56	0	318	82	190	268	2.60e-04	42.7
CM_cdhit-1_transcript_365695	BCW-200101_02837	54.9	379	168	2	1167	31	1	376	2.73e-139	410
CM_cdhit-1_transcript_365695	BCW-200021_09289	44.3	386	207	4	1167	28	1	384	2.91e-105	323
CM_cdhit-1_transcript_365695	BCW-200083_04101	44.3	386	207	4	1167	28	1	384	2.91e-105	323
CM_cdhit-1_transcript_365695	BCW-200084_04193	44.3	386	207	4	1167	28	1	384	2.91e-105	323
CM_cdhit-1_transcript_365695	BCW-200086_04206	44.3	386	207	4	1167	28	1	384	2.91e-105	323
CM_cdhit-1_transcript_365695	BCW-200087_09497	44.3	386	207	4	1167	28	1	384	2.91e-105	323
CM_cdhit-1_transcript_365695	BCW-200093_03450	44.3	386	207	4	1167	28	1	384	2.91e-105	323
CM_cdhit-1_transcript_365695	BCW-200113_02033	44.3	386	207	4	1167	28	1	384	2.91e-105	323
CM_cdhit-1_transcript_365695	BCW-200123_04688	44.3	386	207	4	1167	28	1	384	2.91e-105	323
CM_cdhit-1_transcript_365695	BCW-200124_01426	44.3	386	207	4	1167	28	1	384	2.91e-105	323
CM_cdhit-1_transcript_365695	BCW-200127_07966	44.3	386	207	4	1167	28	1	384	2.91e-105	323
CM_cdhit-1_transcript_365695	BCW-200129_02504	44.3	386	207	4	1167	28	1	384	2.91e-105	323
CM_cdhit-1_transcript_365695	BCW-200132_04290	44.3	386	207	4	1167	28	1	384	2.91e-105	323
CM_cdhit-1_transcript_365695	BCW-200135_07207	44.3	386	207	4	1167	28	1	384	2.91e-105	323
CM_cdhit-1_transcript_365695	BCW-200136_04357	44.3	386	207	4	1167	28	1	384	2.91e-105	323
CM_cdhit-1_transcript_365695	BCW-200137_04644	44.3	386	207	4	1167	28	1	384	2.91e-105	323
CM_cdhit-1_transcript_365695	BCW-200140_05847	44.3	386	207	4	1167	28	1	384	2.91e-105	323
CM_cdhit-1_transcript_365695	BCW-200166_07699	44.3	386	207	4	1167	28	1	384	2.91e-105	323
CM_cdhit-1_transcript_365695	BCW-200167_04581	44.3	386	207	4	1167	28	1	384	2.91e-105	323
CM_cdhit-1_transcript_365695	BCW-200172_03969	44.3	386	207	4	1167	28	1	384	2.91e-105	323
CM_cdhit-1_transcript_365695	BCW-200177_04650	44.3	386	207	4	1167	28	1	384	2.91e-105	323
CM_cdhit-1_transcript_365695	BCW-200242_00697	44.3	386	207	4	1167	28	1	384	2.91e-105	323
CM_cdhit-1_transcript_365695	BCW-200243_02552	44.3	386	207	4	1167	28	1	384	2.91e-105	323
CM_cdhit-1_transcript_365695	BCW-200069_02193	44.0	386	208	4	1167	28	1	384	8.17e-105	322
CM_cdhit-1_transcript_365695	BCW-200089_06265	40.8	343	196	4	1041	31	53	394	1.79e-81	262
CM_cdhit-1_transcript_367062	BCW-200010_06630	27.8	428	274	7	1452	199	22	424	1.61e-30	129
CM_cdhit-1_transcript_367062	BCW-200042_00778	27.8	428	274	7	1452	199	22	424	1.61e-30	129
CM_cdhit-1_transcript_368449	BCW-201058_02792	42.1	235	122	1	235	939	7	227	6.76e-56	187
CM_cdhit-1_transcript_368449	BCW-201155_02550	42.1	235	122	1	235	939	7	227	6.76e-56	187
CM_cdhit-1_transcript_368449	BCW-200031_03695	42.1	235	122	2	235	939	7	227	1.79e-55	186
CM_cdhit-1_transcript_368449	BCW-201173_00995	42.4	236	120	2	235	939	7	227	1.79e-55	186
CM_cdhit-1_transcript_368449	BCW-200111_02186	41.1	236	123	2	235	939	7	227	4.94e-55	185
CM_cdhit-1_transcript_368449	BCW-200656_00093	42.8	236	119	2	235	939	7	227	1.43e-54	184
CM_cdhit-1_transcript_368449	BCW-201808_02511	42.8	236	119	2	235	939	7	227	1.43e-54	184
CM_cdhit-1_transcript_368449	BCW-201828_03946	42.8	236	119	2	235	939	7	227	1.43e-54	184
CM_cdhit-1_transcript_368449	BCW-201850_04168	42.8	236	119	2	235	939	7	227	1.43e-54	184
CM_cdhit-1_transcript_368449	BCW-201858_02474	42.8	236	119	2	235	939	7	227	1.43e-54	184
CM_cdhit-1_transcript_368449	BCW-201873_00454	42.8	236	119	2	235	939	7	227	1.43e-54	184
CM_cdhit-1_transcript_368449	BCW-201876_02693	42.8	236	119	2	235	939	7	227	1.43e-54	184
CM_cdhit-1_transcript_368449	BCW-201879_03869	42.8	236	119	2	235	939	7	227	1.43e-54	184
CM_cdhit-1_transcript_368449	BCW-201886_04826	42.8	236	119	2	235	939	7	227	1.43e-54	184
CM_cdhit-1_transcript_368449	BCW-201887_03372	42.8	236	119	2	235	939	7	227	1.43e-54	184
CM_cdhit-1_transcript_368449	BCW-201888_00092	42.8	236	119	2	235	939	7	227	1.43e-54	184
CM_cdhit-1_transcript_368449	BCW-201937_01609	42.8	236	119	2	235	939	7	227	1.43e-54	184
CM_cdhit-1_transcript_368449	BCW-201972_03635	42.8	236	119	2	235	939	7	227	1.43e-54	184
CM_cdhit-1_transcript_368449	BCW-201990_03521	42.8	236	119	2	235	939	7	227	1.43e-54	184
CM_cdhit-1_transcript_368449	BCW-202006_00573	42.8	236	119	2	235	939	7	227	1.43e-54	184
CM_cdhit-1_transcript_368449	BCW-200039_00035	41.0	234	124	2	238	939	8	227	5.29e-54	182
CM_cdhit-1_transcript_368449	BCW-200036_02145	40.9	235	125	2	235	939	7	227	2.87e-53	181
CM_cdhit-1_transcript_368449	BCW-200087_05846	40.9	235	125	2	235	939	7	227	2.87e-53	181
CM_cdhit-1_transcript_368449	BCW-201082_00937	40.9	235	125	2	235	939	7	227	2.87e-53	181
CM_cdhit-1_transcript_368449	BCW-201083_00211	40.9	235	125	2	235	939	7	227	2.87e-53	181
CM_cdhit-1_transcript_375743	BCW-200208_05050	33.0	191	127	1	778	209	3	193	7.77e-20	86.7
CM_cdhit-1_transcript_375743	BCW-200465_03768	32.5	191	128	1	778	209	3	193	1.08e-19	86.3
CM_cdhit-1_transcript_375743	BCW-200328_03890	32.5	191	128	1	778	209	3	193	3.96e-19	84.7
CM_cdhit-1_transcript_375743	BCW-200663_03826	32.5	191	128	1	778	209	3	193	3.96e-19	84.7
CM_cdhit-1_transcript_375743	BCW-200705_02706	32.5	191	128	1	778	209	3	193	3.96e-19	84.7
CM_cdhit-1_transcript_375743	BCW-200902_00666	32.5	191	128	1	778	209	3	193	3.96e-19	84.7
CM_cdhit-1_transcript_375743	BCW-200903_00376	32.5	191	128	1	778	209	3	193	3.96e-19	84.7
CM_cdhit-1_transcript_375743	BCW-200904_02360	32.5	191	128	1	778	209	3	193	3.96e-19	84.7
CM_cdhit-1_transcript_375743	BCW-200910_03884	32.5	191	128	1	778	209	3	193	3.96e-19	84.7
CM_cdhit-1_transcript_375743	BCW-200912_01390	32.5	191	128	1	778	209	3	193	3.96e-19	84.7
CM_cdhit-1_transcript_375743	BCW-200920_03039	32.5	191	128	1	778	209	3	193	3.96e-19	84.7
CM_cdhit-1_transcript_375743	BCW-200464_01188	33.0	191	127	1	778	209	3	193	5.48e-19	84.3
CM_cdhit-1_transcript_375743	BCW-200215_00062	31.4	191	130	1	778	209	3	193	1.92e-17	80.1
CM_cdhit-1_transcript_375743	BCW-201813_04308	32.8	198	121	8	772	203	36	229	1.76e-16	77.8
CM_cdhit-1_transcript_375743	BCW-201815_01192	32.8	198	121	8	772	203	36	229	1.76e-16	77.8
CM_cdhit-1_transcript_375743	BCW-201818_06885	32.8	198	121	8	772	203	36	229	1.76e-16	77.8
CM_cdhit-1_transcript_375743	BCW-201823_02084	32.8	198	121	8	772	203	36	229	1.76e-16	77.8
CM_cdhit-1_transcript_375743	BCW-201824_06661	32.8	198	121	8	772	203	36	229	1.76e-16	77.8
CM_cdhit-1_transcript_375743	BCW-201825_05320	32.8	198	121	8	772	203	36	229	1.76e-16	77.8
CM_cdhit-1_transcript_375743	BCW-201830_03189	32.8	198	121	8	772	203	36	229	1.76e-16	77.8
CM_cdhit-1_transcript_375743	BCW-201834_01428	32.8	198	121	8	772	203	36	229	1.76e-16	77.8
CM_cdhit-1_transcript_375743	BCW-201836_04438	32.8	198	121	8	772	203	36	229	1.76e-16	77.8
CM_cdhit-1_transcript_375743	BCW-201840_04591	32.8	198	121	8	772	203	36	229	1.76e-16	77.8
CM_cdhit-1_transcript_375743	BCW-201856_03462	32.8	198	121	8	772	203	36	229	1.76e-16	77.8
CM_cdhit-1_transcript_375743	BCW-201860_06619	32.8	198	121	8	772	203	36	229	1.76e-16	77.8
CM_cdhit-1_transcript_387874	BCW-200060_02839	30.1	359	210	7	13	1020	1	341	6.40e-43	154
CM_cdhit-1_transcript_387874	BCW-201910_04166	30.2	358	207	7	19	1020	2	340	6.56e-40	146
CM_cdhit-1_transcript_387874	BCW-201939_01072	30.2	358	207	7	19	1020	2	340	6.56e-40	146
CM_cdhit-1_transcript_387874	BCW-201833_03600	28.3	374	223	9	13	1062	1	353	3.62e-37	139
CM_cdhit-1_transcript_387874	BCW-201997_02858	27.7	364	214	9	13	1023	1	342	2.60e-36	136
CM_cdhit-1_transcript_387874	BCW-202001_02084	27.7	364	214	9	13	1023	1	342	2.60e-36	136
CM_cdhit-1_transcript_387874	BCW-201081_03126	27.5	364	215	9	13	1023	1	342	9.54e-35	132
CM_cdhit-1_transcript_387874	BCW-201827_03073	27.5	364	215	9	13	1023	1	342	9.54e-35	132
CM_cdhit-1_transcript_387874	BCW-201864_02526	27.5	364	215	9	13	1023	1	342	9.54e-35	132
CM_cdhit-1_transcript_387874	BCW-201867_03360	27.5	364	215	9	13	1023	1	342	9.54e-35	132
CM_cdhit-1_transcript_387874	BCW-201909_02517	27.5	364	215	9	13	1023	1	342	9.54e-35	132
CM_cdhit-1_transcript_387874	BCW-201917_02109	27.5	364	215	9	13	1023	1	342	9.54e-35	132
CM_cdhit-1_transcript_387874	BCW-200101_03040	29.9	334	202	7	28	999	5	316	1.56e-34	131
CM_cdhit-1_transcript_387874	BCW-200545_05090	30.9	356	193	9	22	999	2	334	6.89e-34	130
CM_cdhit-1_transcript_387874	BCW-200564_03882	30.9	356	193	9	22	999	2	334	6.89e-34	130
CM_cdhit-1_transcript_387874	BCW-200565_05096	30.9	356	193	9	22	999	2	334	6.89e-34	130
CM_cdhit-1_transcript_387874	BCW-200642_05099	30.9	356	193	9	22	999	2	334	6.89e-34	130
CM_cdhit-1_transcript_387874	BCW-200649_01765	30.9	356	193	9	22	999	2	334	6.89e-34	130
CM_cdhit-1_transcript_387874	BCW-200715_04832	30.9	356	193	9	22	999	2	334	6.89e-34	130
CM_cdhit-1_transcript_387874	BCW-200716_05099	30.9	356	193	9	22	999	2	334	6.89e-34	130
CM_cdhit-1_transcript_387874	BCW-200717_07567	30.9	356	193	9	22	999	2	334	6.89e-34	130
CM_cdhit-1_transcript_387874	BCW-200718_04382	30.9	356	193	9	22	999	2	334	6.89e-34	130
CM_cdhit-1_transcript_387874	BCW-200722_01799	30.9	356	193	9	22	999	2	334	6.89e-34	130
CM_cdhit-1_transcript_387874	BCW-200723_04385	30.9	356	193	9	22	999	2	334	6.89e-34	130
CM_cdhit-1_transcript_387874	BCW-200724_04515	30.9	356	193	9	22	999	2	334	6.89e-34	130
CM_cdhit-1_transcript_398612	BCW-201835_01285	56.8	482	203	3	1436	3	4	484	2.80e-190	540
