Family	HMM_Length	Query_ID	Query_Length	E-value	HMM_Start	HMM_End	Query_Start	Query_End	Coverage
TIGR02935	140	BCW-200001_02975	242	1.3e-05	51	96	86	131	0.321428571428571
TIGR03798	68	BCW-200002_01053	244	0.00049	4	43	39	78	0.573529411764706
TIGR00736	231	BCW-200002_02331	252	6.4e-06	138	224	23	107	0.372294372294372
TIGR01994	137	BCW-200002_03056	128	4.2e-21	5	87	3	89	0.598540145985402
TIGR01999	124	BCW-200002_03056	128	1.4e-71	1	123	3	125	0.983870967741935
TIGR02000	290	BCW-200002_03056	128	5.8e-44	3	123	2	123	0.413793103448276
TIGR03419	121	BCW-200002_03056	128	3.9e-50	1	120	3	125	0.983471074380165
TIGR03402	379	BCW-200003_03918	471	4.3e-06	46	167	150	275	0.319261213720317
TIGR04103	412	BCW-200008_00201	341	4.6e-12	10	151	26	171	0.342233009708738
TIGR00736	231	BCW-200008_01290	252	6.4e-06	138	224	23	107	0.372294372294372
TIGR01994	137	BCW-200008_01463	128	4.2e-21	5	87	3	89	0.598540145985402
TIGR01999	124	BCW-200008_01463	128	1.4e-71	1	123	3	125	0.983870967741935
TIGR02000	290	BCW-200008_01463	128	5.8e-44	3	123	2	123	0.413793103448276
TIGR03419	121	BCW-200008_01463	128	3.9e-50	1	120	3	125	0.983471074380165
TIGR03402	379	BCW-200010_00816	382	6.2e-07	50	174	73	198	0.327176781002639
TIGR01994	137	BCW-200010_00831	128	1.3e-21	5	88	3	90	0.605839416058394
TIGR01999	124	BCW-200010_00831	128	8.5e-73	1	123	3	125	0.983870967741935
TIGR02000	290	BCW-200010_00831	128	5.9e-43	3	123	2	123	0.413793103448276
TIGR03419	121	BCW-200010_00831	128	2.7e-52	1	120	3	125	0.983471074380165
TIGR00737	319	BCW-200010_01514	368	4.6e-06	125	230	215	331	0.329153605015674
TIGR01581	225	BCW-200010_02278	714	5.6e-11	19	169	507	653	0.666666666666667
TIGR02936	91	BCW-200010_06630	956	0.00012	16	84	725	744	0.747252747252747
TIGR02935	140	BCW-200011_02925	242	7.5e-06	51	105	86	139	0.385714285714286
TIGR01616	126	BCW-200012_00953	340	3.3e-06	13	70	173	228	0.452380952380952
TIGR01581	225	BCW-200012_04095	217	6.4e-08	105	173	91	159	0.302222222222222
TIGR01581	225	BCW-200019_04940	714	5.6e-11	19	169	507	653	0.666666666666667
TIGR00736	231	BCW-200020_00957	252	6.4e-06	138	224	23	107	0.372294372294372
TIGR04103	412	BCW-200020_01320	341	3.9e-11	10	150	26	170	0.339805825242718
TIGR01994	137	BCW-200020_03959	128	4.2e-21	5	87	3	89	0.598540145985402
TIGR01999	124	BCW-200020_03959	128	1.4e-71	1	123	3	125	0.983870967741935
TIGR02000	290	BCW-200020_03959	128	5.8e-44	3	123	2	123	0.413793103448276
TIGR03419	121	BCW-200020_03959	128	3.9e-50	1	120	3	125	0.983471074380165
TIGR03402	379	BCW-200021_09289	395	1.2e-06	47	195	56	198	0.390501319261214
TIGR03402	379	BCW-200022_02985	471	4.3e-06	46	167	150	275	0.319261213720317
TIGR03402	379	BCW-200024_02120	471	4.3e-06	46	167	150	275	0.319261213720317
TIGR03402	379	BCW-200031_01131	470	1.5e-06	46	172	150	280	0.33245382585752
TIGR01817	534	BCW-200031_03695	441	7.6e-119	187	439	130	383	0.471910112359551
TIGR00736	231	BCW-200032_01757	252	6.4e-06	138	224	23	107	0.372294372294372
TIGR01994	137	BCW-200032_03198	128	4.2e-21	5	87	3	89	0.598540145985402
TIGR01999	124	BCW-200032_03198	128	1.4e-71	1	123	3	125	0.983870967741935
TIGR02000	290	BCW-200032_03198	128	5.8e-44	3	123	2	123	0.413793103448276
TIGR03419	121	BCW-200032_03198	128	3.9e-50	1	120	3	125	0.983471074380165
TIGR00736	231	BCW-200033_02979	258	9.9e-06	142	225	24	108	0.359307359307359
TIGR03402	379	BCW-200033_03625	471	4.3e-06	46	167	150	275	0.319261213720317
TIGR01817	534	BCW-200036_02145	441	3e-118	190	441	133	385	0.470037453183521
TIGR01817	534	BCW-200036_03029	461	1.2e-120	184	440	131	388	0.47940074906367
TIGR03890	171	BCW-200036_04579	296	8.1e-06	105	167	33	93	0.362573099415205
TIGR01817	534	BCW-200039_00035	441	1.4e-120	182	441	125	385	0.48501872659176
TIGR03890	171	BCW-200039_03091	296	1.3e-05	105	166	33	92	0.35672514619883
TIGR03402	379	BCW-200039_08067	470	1.9e-06	57	172	166	280	0.303430079155673
TIGR00736	231	BCW-200040_03787	258	9.9e-06	142	225	24	108	0.359307359307359
TIGR01994	137	BCW-200042_00275	128	1.3e-21	5	88	3	90	0.605839416058394
TIGR01999	124	BCW-200042_00275	128	8.5e-73	1	123	3	125	0.983870967741935
TIGR02000	290	BCW-200042_00275	128	5.9e-43	3	123	2	123	0.413793103448276
TIGR03419	121	BCW-200042_00275	128	2.7e-52	1	120	3	125	0.983471074380165
TIGR03402	379	BCW-200042_00290	382	6.2e-07	50	174	73	198	0.327176781002639
TIGR02936	91	BCW-200042_00778	956	0.00012	16	84	725	744	0.747252747252747
TIGR00737	319	BCW-200042_06595	413	5.9e-06	126	230	261	376	0.326018808777429
TIGR01581	225	BCW-200042_07724	714	5.6e-11	19	169	507	653	0.666666666666667
TIGR04103	412	BCW-200044_01227	341	3.9e-11	10	150	26	170	0.339805825242718
TIGR00736	231	BCW-200044_01716	252	6.4e-06	138	224	23	107	0.372294372294372
TIGR01994	137	BCW-200044_02676	128	4.2e-21	5	87	3	89	0.598540145985402
TIGR01999	124	BCW-200044_02676	128	1.4e-71	1	123	3	125	0.983870967741935
TIGR02000	290	BCW-200044_02676	128	5.8e-44	3	123	2	123	0.413793103448276
TIGR03419	121	BCW-200044_02676	128	3.9e-50	1	120	3	125	0.983471074380165
TIGR01994	137	BCW-200046_02962	128	1.3e-21	5	88	3	90	0.605839416058394
TIGR01999	124	BCW-200046_02962	128	8.5e-73	1	123	3	125	0.983870967741935
TIGR02000	290	BCW-200046_02962	128	5.9e-43	3	123	2	123	0.413793103448276
TIGR03419	121	BCW-200046_02962	128	2.7e-52	1	120	3	125	0.983471074380165
TIGR00737	319	BCW-200046_03606	368	6.8e-06	125	230	215	331	0.329153605015674
TIGR01994	137	BCW-200048_00890	128	1.2e-21	5	88	3	90	0.605839416058394
TIGR01999	124	BCW-200048_00890	128	9.4e-72	1	123	3	125	0.983870967741935
TIGR02000	290	BCW-200048_00890	128	2.4e-43	3	123	2	123	0.413793103448276
TIGR03419	121	BCW-200048_00890	128	4.8e-53	1	120	3	125	0.983471074380165
TIGR03402	379	BCW-200048_00905	382	6e-07	50	174	73	198	0.327176781002639
TIGR01581	225	BCW-200048_04879	714	5.6e-11	19	169	507	653	0.666666666666667
TIGR02938	494	BCW-200049_04584	1059	2.1e-16	252	494	565	805	0.489878542510121
TIGR03402	379	BCW-200050_01024	471	6.8e-06	48	168	152	276	0.316622691292876
TIGR01581	225	BCW-200051_00921	714	5.6e-11	19	169	507	653	0.666666666666667
TIGR01994	137	BCW-200052_02639	128	1.2e-21	5	88	3	90	0.605839416058394
TIGR01999	124	BCW-200052_02639	128	9.4e-72	1	123	3	125	0.983870967741935
TIGR02000	290	BCW-200052_02639	128	2.4e-43	3	123	2	123	0.413793103448276
TIGR03419	121	BCW-200052_02639	128	4.8e-53	1	120	3	125	0.983471074380165
TIGR03402	379	BCW-200052_03360	471	4.3e-06	46	167	150	275	0.319261213720317
TIGR02938	494	BCW-200053_03790	1059	2.1e-16	252	494	565	805	0.489878542510121
TIGR03402	379	BCW-200056_00222	382	6e-07	50	174	73	198	0.327176781002639
TIGR01994	137	BCW-200056_00237	128	1.2e-21	5	88	3	90	0.605839416058394
TIGR01999	124	BCW-200056_00237	128	9.4e-72	1	123	3	125	0.983870967741935
TIGR02000	290	BCW-200056_00237	128	2.4e-43	3	123	2	123	0.413793103448276
TIGR03419	121	BCW-200056_00237	128	4.8e-53	1	120	3	125	0.983471074380165
TIGR01994	137	BCW-200058_04155	128	1.3e-21	5	88	3	90	0.605839416058394
TIGR01999	124	BCW-200058_04155	128	8.5e-73	1	123	3	125	0.983870967741935
TIGR02000	290	BCW-200058_04155	128	5.9e-43	3	123	2	123	0.413793103448276
TIGR03419	121	BCW-200058_04155	128	2.7e-52	1	120	3	125	0.983471074380165
TIGR01817	534	BCW-200060_00655	469	9.3e-104	180	526	122	465	0.647940074906367
TIGR00736	231	BCW-200060_02839	364	3.6e-13	152	225	254	330	0.316017316017316
TIGR01581	225	BCW-200060_03082	217	1.6e-08	105	173	91	159	0.302222222222222
TIGR01581	225	BCW-200061_01016	217	2.6e-09	105	173	91	159	0.302222222222222
TIGR03890	171	BCW-200061_05026	294	7.9e-06	84	166	11	92	0.47953216374269
TIGR01994	137	BCW-200065_02624	128	1.3e-21	5	88	3	90	0.605839416058394
TIGR01999	124	BCW-200065_02624	128	5.3e-72	1	123	3	125	0.983870967741935
TIGR02000	290	BCW-200065_02624	128	1.1e-43	3	123	2	123	0.413793103448276
TIGR03419	121	BCW-200065_02624	128	4.3e-53	1	120	3	125	0.983471074380165
TIGR02663	119	BCW-200066_03660	198	1.9e-05	44	83	139	179	0.327731092436975
TIGR01994	137	BCW-200068_03982	128	1.2e-21	5	88	3	90	0.605839416058394
TIGR01999	124	BCW-200068_03982	128	9.4e-72	1	123	3	125	0.983870967741935
TIGR02000	290	BCW-200068_03982	128	2.4e-43	3	123	2	123	0.413793103448276
TIGR03419	121	BCW-200068_03982	128	4.8e-53	1	120	3	125	0.983471074380165
TIGR03402	379	BCW-200068_03997	382	6.5e-06	55	174	78	198	0.313984168865435
TIGR03402	379	BCW-200069_02193	395	1.2e-06	47	195	56	198	0.390501319261214
TIGR03402	379	BCW-200071_02877	471	4.3e-06	46	167	150	275	0.319261213720317
TIGR02929	109	BCW-200073_01091	210	7e-05	34	94	13	73	0.55045871559633
TIGR01994	137	BCW-200073_02326	128	9e-22	5	88	3	90	0.605839416058394
TIGR01999	124	BCW-200073_02326	128	5.1e-73	1	123	3	125	0.983870967741935
TIGR02000	290	BCW-200073_02326	128	6.6e-43	3	123	2	123	0.413793103448276
TIGR03419	121	BCW-200073_02326	128	2.4e-52	1	120	3	125	0.983471074380165
TIGR01581	225	BCW-200073_03085	698	2.8e-08	91	166	557	632	0.333333333333333
TIGR00737	319	BCW-200073_04800	368	7.1e-06	116	230	207	331	0.357366771159875
TIGR01581	225	BCW-200074_01234	714	5.6e-11	19	169	507	653	0.666666666666667
TIGR01581	225	BCW-200077_02294	714	5.6e-11	19	169	507	653	0.666666666666667
TIGR01581	225	BCW-200079_00980	714	5.6e-11	19	169	507	653	0.666666666666667
TIGR01581	225	BCW-200080_01200	714	5.6e-11	19	169	507	653	0.666666666666667
TIGR03798	68	BCW-200081_01306	244	0.00049	4	43	39	78	0.573529411764706
TIGR01994	137	BCW-200081_02893	128	4.2e-21	5	87	3	89	0.598540145985402
TIGR01999	124	BCW-200081_02893	128	1.4e-71	1	123	3	125	0.983870967741935
TIGR02000	290	BCW-200081_02893	128	5.8e-44	3	123	2	123	0.413793103448276
TIGR03419	121	BCW-200081_02893	128	3.9e-50	1	120	3	125	0.983471074380165
TIGR00736	231	BCW-200081_03223	252	6.4e-06	138	224	23	107	0.372294372294372
TIGR03402	379	BCW-200083_04101	395	1.2e-06	47	195	56	198	0.390501319261214
TIGR03402	379	BCW-200084_04193	395	1.2e-06	47	195	56	198	0.390501319261214
TIGR01994	137	BCW-200085_02274	128	4.2e-21	5	87	3	89	0.598540145985402
TIGR01999	124	BCW-200085_02274	128	1.4e-71	1	123	3	125	0.983870967741935
TIGR02000	290	BCW-200085_02274	128	5.8e-44	3	123	2	123	0.413793103448276
TIGR03419	121	BCW-200085_02274	128	3.9e-50	1	120	3	125	0.983471074380165
TIGR00736	231	BCW-200085_06625	252	6.4e-06	138	224	23	107	0.372294372294372
TIGR01616	126	BCW-200085_12446	340	3.8e-06	13	70	173	228	0.452380952380952
TIGR03798	68	BCW-200085_13093	244	0.00049	4	43	39	78	0.573529411764706
TIGR03402	379	BCW-200086_04206	395	1.2e-06	47	195	56	198	0.390501319261214
TIGR03890	171	BCW-200087_02496	296	8.1e-06	105	167	33	93	0.362573099415205
TIGR01817	534	BCW-200087_05411	461	1.2e-120	184	440	131	388	0.47940074906367
TIGR01817	534	BCW-200087_05846	441	3e-118	190	441	133	385	0.470037453183521
TIGR03402	379	BCW-200087_09497	395	1.2e-06	47	195	56	198	0.390501319261214
TIGR03402	379	BCW-200089_00305	394	5.4e-06	59	176	93	223	0.308707124010554
TIGR01817	534	BCW-200089_00736	505	2.4e-102	187	438	126	378	0.470037453183521
TIGR03402	379	BCW-200089_06265	396	5.6e-06	27	173	46	183	0.385224274406332
TIGR00736	231	BCW-200089_07501	257	2.1e-05	148	224	31	108	0.329004329004329
TIGR03402	379	BCW-200091_01862	394	5.4e-06	59	176	93	223	0.308707124010554
TIGR03402	379	BCW-200093_03450	395	1.2e-06	47	195	56	198	0.390501319261214
TIGR03402	379	BCW-200094_03104	471	6.7e-06	48	168	152	276	0.316622691292876
TIGR00736	231	BCW-200097_01036	252	1.3e-06	138	224	23	107	0.372294372294372
TIGR01994	137	BCW-200097_03235	128	5.9e-21	5	87	3	89	0.598540145985402
TIGR01999	124	BCW-200097_03235	128	8e-72	1	123	3	125	0.983870967741935
TIGR02000	290	BCW-200097_03235	128	1.5e-44	3	124	2	124	0.417241379310345
TIGR03419	121	BCW-200097_03235	128	1.4e-49	1	120	3	125	0.983471074380165
TIGR01616	126	BCW-200098_02345	340	3.8e-06	13	70	173	228	0.452380952380952
TIGR03798	68	BCW-200098_09820	244	0.00056	4	43	39	78	0.573529411764706
TIGR01994	137	BCW-200098_11431	128	4.2e-21	5	87	3	89	0.598540145985402
TIGR01999	124	BCW-200098_11431	128	1.4e-71	1	123	3	125	0.983870967741935
TIGR02000	290	BCW-200098_11431	128	5.8e-44	3	123	2	123	0.413793103448276
TIGR03419	121	BCW-200098_11431	128	3.9e-50	1	120	3	125	0.983471074380165
TIGR00736	231	BCW-200098_12089	252	6.4e-06	138	224	23	107	0.372294372294372
TIGR03798	68	BCW-200100_00911	244	0.00056	4	43	39	78	0.573529411764706
TIGR00736	231	BCW-200100_01623	252	6.4e-06	138	224	23	107	0.372294372294372
TIGR01994	137	BCW-200100_02864	128	4.2e-21	5	87	3	89	0.598540145985402
TIGR01999	124	BCW-200100_02864	128	1.4e-71	1	123	3	125	0.983870967741935
TIGR02000	290	BCW-200100_02864	128	5.8e-44	3	123	2	123	0.413793103448276
TIGR03419	121	BCW-200100_02864	128	3.9e-50	1	120	3	125	0.983471074380165
TIGR04103	412	BCW-200101_00801	338	7.7e-12	14	150	24	169	0.330097087378641
TIGR03403	382	BCW-200101_02837	378	3.6e-07	91	225	90	220	0.350785340314136
TIGR00737	319	BCW-200101_03040	339	2.4e-07	115	241	193	326	0.394984326018809
TIGR01817	534	BCW-200103_00161	495	2.1e-22	286	468	194	371	0.340823970037453
TIGR04103	412	BCW-200105_01505	343	9.3e-13	10	149	27	170	0.337378640776699
TIGR01994	137	BCW-200105_02028	128	2.9e-21	5	87	3	89	0.598540145985402
TIGR01999	124	BCW-200105_02028	128	5.8e-72	1	123	3	125	0.983870967741935
TIGR02000	290	BCW-200105_02028	128	7.3e-45	3	124	2	124	0.417241379310345
TIGR03419	121	BCW-200105_02028	128	7.7e-50	1	120	3	125	0.983471074380165
TIGR00736	231	BCW-200105_03055	252	1.3e-06	138	224	23	107	0.372294372294372
TIGR01616	126	BCW-200107_02144	340	3.8e-06	13	70	173	228	0.452380952380952
TIGR00736	231	BCW-200108_04001	252	1.3e-06	138	224	23	107	0.372294372294372
TIGR04103	412	BCW-200108_04716	343	9.3e-13	10	149	27	170	0.337378640776699
TIGR01994	137	BCW-200108_08529	128	2.9e-21	5	87	3	89	0.598540145985402
TIGR01999	124	BCW-200108_08529	128	5.8e-72	1	123	3	125	0.983870967741935
TIGR02000	290	BCW-200108_08529	128	7.3e-45	3	124	2	124	0.417241379310345
TIGR03419	121	BCW-200108_08529	128	7.7e-50	1	120	3	125	0.983471074380165
TIGR01817	534	BCW-200111_01644	461	5.5e-125	185	530	132	457	0.646067415730337
TIGR01817	534	BCW-200111_02186	441	4.4e-120	191	440	134	384	0.466292134831461
TIGR03402	379	BCW-200111_03127	480	3.7e-06	58	172	167	280	0.300791556728232
TIGR02938	494	BCW-200111_03273	1061	6.9e-16	252	493	567	806	0.487854251012146
TIGR00736	231	BCW-200112_02247	252	1.3e-06	138	224	23	107	0.372294372294372
TIGR01994	137	BCW-200112_02930	128	2.9e-21	5	87	3	89	0.598540145985402
TIGR01999	124	BCW-200112_02930	128	5.8e-72	1	123	3	125	0.983870967741935
TIGR02000	290	BCW-200112_02930	128	7.3e-45	3	124	2	124	0.417241379310345
TIGR03419	121	BCW-200112_02930	128	7.7e-50	1	120	3	125	0.983471074380165
TIGR03402	379	BCW-200113_02033	395	1.2e-06	47	195	56	198	0.390501319261214
TIGR03890	171	BCW-200114_01440	190	9.6e-07	109	168	51	110	0.345029239766082
TIGR01817	534	BCW-200115_01714	484	5.7e-107	183	529	126	474	0.647940074906367
TIGR01581	225	BCW-200115_02130	217	4.2e-08	104	173	90	159	0.306666666666667
TIGR00736	231	BCW-200116_01153	252	1.3e-06	138	224	23	107	0.372294372294372
TIGR01994	137	BCW-200116_03491	128	2.9e-21	5	87	3	89	0.598540145985402
TIGR01999	124	BCW-200116_03491	128	5.8e-72	1	123	3	125	0.983870967741935
TIGR02000	290	BCW-200116_03491	128	7.3e-45	3	124	2	124	0.417241379310345
TIGR03419	121	BCW-200116_03491	128	7.7e-50	1	120	3	125	0.983471074380165
TIGR00736	231	BCW-200118_01426	252	1.3e-06	138	224	23	107	0.372294372294372
TIGR01994	137	BCW-200118_03586	128	2.9e-21	5	87	3	89	0.598540145985402
TIGR01999	124	BCW-200118_03586	128	5.8e-72	1	123	3	125	0.983870967741935
TIGR02000	290	BCW-200118_03586	128	7.3e-45	3	124	2	124	0.417241379310345
TIGR03419	121	BCW-200118_03586	128	7.7e-50	1	120	3	125	0.983471074380165
TIGR00736	231	BCW-200119_02198	252	1.3e-06	138	224	23	107	0.372294372294372
TIGR01994	137	BCW-200119_03447	128	2.9e-21	5	87	3	89	0.598540145985402
TIGR01999	124	BCW-200119_03447	128	5.8e-72	1	123	3	125	0.983870967741935
TIGR02000	290	BCW-200119_03447	128	7.3e-45	3	124	2	124	0.417241379310345
TIGR03419	121	BCW-200119_03447	128	7.7e-50	1	120	3	125	0.983471074380165
TIGR01581	225	BCW-200121_02107	714	5.6e-11	19	169	507	653	0.666666666666667
TIGR03402	379	BCW-200123_04688	395	1.2e-06	47	195	56	198	0.390501319261214
TIGR03402	379	BCW-200124_01426	395	1.2e-06	47	195	56	198	0.390501319261214
TIGR01581	225	BCW-200126_00659	714	5.6e-11	19	169	507	653	0.666666666666667
TIGR01817	534	BCW-200126_01603	469	4.2e-105	180	526	122	465	0.647940074906367
TIGR01817	534	BCW-200127_00533	443	4.9e-125	185	530	114	439	0.646067415730337
TIGR02938	494	BCW-200127_06875	1061	6.9e-16	252	493	567	806	0.487854251012146
TIGR02938	494	BCW-200127_06875	1061	6.9e-16	252	493	567	806	0.487854251012146
TIGR01581	225	BCW-200127_07037	714	5.6e-11	19	169	507	653	0.666666666666667
TIGR03402	379	BCW-200127_07966	395	1.2e-06	47	195	56	198	0.390501319261214
TIGR03402	379	BCW-200127_07966	395	1.2e-06	47	195	56	198	0.390501319261214
TIGR01581	225	BCW-200128_00775	714	5.6e-11	19	169	507	653	0.666666666666667
TIGR03402	379	BCW-200129_02504	395	1.2e-06	47	195	56	198	0.390501319261214
TIGR03402	379	BCW-200130_00879	381	8.7e-06	41	176	73	216	0.356200527704486
TIGR01581	225	BCW-200130_02723	716	2.4e-06	60	173	549	659	0.502222222222222
TIGR01581	225	BCW-200131_03315	714	5.6e-11	19	169	507	653	0.666666666666667
TIGR03402	379	BCW-200132_04290	395	1.2e-06	47	195	56	198	0.390501319261214
TIGR03402	379	BCW-200135_07207	395	1.2e-06	47	195	56	198	0.390501319261214
TIGR03402	379	BCW-200136_04357	395	1.2e-06	47	195	56	198	0.390501319261214
TIGR03402	379	BCW-200137_04644	395	1.2e-06	47	195	56	198	0.390501319261214
TIGR01581	225	BCW-200138_00849	714	5.6e-11	19	169	507	653	0.666666666666667
TIGR03402	379	BCW-200140_05847	395	1.2e-06	47	195	56	198	0.390501319261214
TIGR01817	534	BCW-200141_00798	469	4.2e-105	180	526	122	465	0.647940074906367
TIGR03890	171	BCW-200144_02739	275	1.5e-07	114	167	32	84	0.309941520467836
TIGR03890	171	BCW-200146_02560	275	1.5e-07	114	167	32	84	0.309941520467836
TIGR03890	171	BCW-200149_04153	275	1.5e-07	114	167	32	84	0.309941520467836
TIGR01581	225	BCW-200150_00728	714	5.6e-11	19	169	507	653	0.666666666666667
TIGR03890	171	BCW-200152_02219	275	1.5e-07	114	167	32	84	0.309941520467836
TIGR01581	225	BCW-200162_02826	217	9.7e-09	105	173	91	159	0.302222222222222
TIGR01817	534	BCW-200162_03716	469	9.3e-104	180	526	122	465	0.647940074906367
TIGR01290	441	BCW-200166_02557	341	3.9e-08	88	221	79	197	0.301587301587302
TIGR04103	412	BCW-200166_02557	341	2.5e-12	11	150	23	172	0.337378640776699
TIGR02000	290	BCW-200166_04602	805	3.7e-07	133	251	478	609	0.406896551724138
TIGR03402	379	BCW-200166_07699	395	1.2e-06	47	195	56	198	0.390501319261214
TIGR03402	379	BCW-200167_04581	395	1.2e-06	47	195	56	198	0.390501319261214
TIGR01581	225	BCW-200168_01811	217	1e-08	105	173	91	159	0.302222222222222
TIGR01817	534	BCW-200168_03327	469	8.4e-104	180	526	122	465	0.647940074906367
TIGR03402	379	BCW-200172_03969	395	1.2e-06	47	195	56	198	0.390501319261214
TIGR01581	225	BCW-200175_00747	714	5.6e-11	19	169	507	653	0.666666666666667
TIGR00737	319	BCW-200176_01279	367	2.5e-12	112	229	206	333	0.366771159874608
TIGR03402	379	BCW-200176_03233	471	5.4e-06	46	167	150	275	0.319261213720317
TIGR01616	126	BCW-200176_03431	340	2.3e-06	13	70	173	228	0.452380952380952
TIGR03402	379	BCW-200177_04650	395	1.2e-06	47	195	56	198	0.390501319261214
TIGR01817	534	BCW-200178_07961	469	4.2e-105	180	526	122	465	0.647940074906367
TIGR01817	534	BCW-200179_00837	469	4.2e-105	180	526	122	465	0.647940074906367
TIGR01581	225	BCW-200179_04841	714	5.6e-11	19	169	507	653	0.666666666666667
TIGR01581	225	BCW-200180_01120	714	5.6e-11	19	169	507	653	0.666666666666667
TIGR01817	534	BCW-200181_02310	469	4.2e-105	180	526	122	465	0.647940074906367
TIGR01817	534	BCW-200183_03036	469	4.2e-105	180	526	122	465	0.647940074906367
TIGR01817	534	BCW-200187_00406	469	4.2e-105	180	526	122	465	0.647940074906367
TIGR01581	225	BCW-200188_01019	714	5.6e-11	19	169	507	653	0.666666666666667
TIGR01817	534	BCW-200189_07276	469	4.2e-105	180	526	122	465	0.647940074906367
TIGR01581	225	BCW-200192_00698	714	5.6e-11	19	169	507	653	0.666666666666667
TIGR01817	534	BCW-200194_00274	469	4.2e-105	180	526	122	465	0.647940074906367
TIGR01581	225	BCW-200196_01689	714	5.6e-11	19	169	507	653	0.666666666666667
TIGR01817	534	BCW-200197_04249	469	4.2e-105	180	526	122	465	0.647940074906367
TIGR01581	225	BCW-200198_02641	714	5.6e-11	19	169	507	653	0.666666666666667
TIGR00736	231	BCW-200205_03400	258	9.9e-06	142	225	24	108	0.359307359307359
TIGR01817	534	BCW-200205_05204	469	4.2e-105	180	526	122	465	0.647940074906367
TIGR01817	534	BCW-200208_00920	514	8.1e-104	180	439	127	388	0.48501872659176
TIGR02938	494	BCW-200208_02747	1227	1.8e-19	236	492	639	898	0.518218623481781
TIGR04103	412	BCW-200208_02859	347	3.7e-13	4	186	28	215	0.441747572815534
TIGR02935	140	BCW-200208_05050	262	2.2e-05	50	95	102	144	0.321428571428571
TIGR00737	319	BCW-200209_02339	361	2.8e-10	108	231	203	336	0.385579937304075
TIGR01817	534	BCW-200210_03528	469	4.2e-105	180	526	122	465	0.647940074906367
TIGR01994	137	BCW-200211_01406	128	1.3e-21	5	88	3	90	0.605839416058394
TIGR01999	124	BCW-200211_01406	128	8.5e-73	1	123	3	125	0.983870967741935
TIGR02000	290	BCW-200211_01406	128	5.9e-43	3	123	2	123	0.413793103448276
TIGR03419	121	BCW-200211_01406	128	2.7e-52	1	120	3	125	0.983471074380165
TIGR03402	379	BCW-200211_04085	382	1.3e-06	50	174	73	198	0.327176781002639
TIGR03402	379	BCW-200212_04559	397	5e-06	53	176	86	223	0.324538258575198
TIGR03890	171	BCW-200213_02159	275	1.5e-07	114	167	32	84	0.309941520467836
TIGR01817	534	BCW-200214_03874	469	4.2e-105	180	526	122	465	0.647940074906367
TIGR02935	140	BCW-200215_00062	262	1.1e-05	49	95	101	144	0.328571428571429
TIGR04103	412	BCW-200215_00964	349	1.1e-13	4	187	29	218	0.444174757281553
TIGR03402	379	BCW-200215_02179	399	3.7e-07	49	178	78	224	0.340369393139842
TIGR01817	534	BCW-200215_02432	513	6.4e-104	180	439	127	388	0.48501872659176
TIGR01994	137	BCW-200222_03795	128	7.4e-22	5	88	3	90	0.605839416058394
TIGR01999	124	BCW-200222_03795	128	6.4e-73	1	123	3	125	0.983870967741935
TIGR02000	290	BCW-200222_03795	128	3.5e-43	3	123	2	123	0.413793103448276
TIGR03419	121	BCW-200222_03795	128	2.5e-52	1	120	3	125	0.983471074380165
TIGR03402	379	BCW-200222_03810	382	8.9e-07	50	174	73	198	0.327176781002639
TIGR01817	534	BCW-200226_00954	469	4.2e-105	180	526	122	465	0.647940074906367
TIGR01817	534	BCW-200227_00514	469	4.2e-105	180	526	122	465	0.647940074906367
TIGR03402	379	BCW-200231_03895	471	9.4e-06	48	167	152	275	0.313984168865435
TIGR03402	379	BCW-200242_00697	395	1.2e-06	47	195	56	198	0.390501319261214
TIGR03402	379	BCW-200243_02552	395	1.2e-06	47	195	56	198	0.390501319261214
TIGR02930	109	BCW-200243_09034	121	1.8e-05	8	41	87	120	0.302752293577982
TIGR03402	379	BCW-200267_05976	382	7e-06	56	174	79	198	0.311345646437995
TIGR01994	137	BCW-200267_05991	128	1.2e-21	5	88	3	90	0.605839416058394
TIGR01999	124	BCW-200267_05991	128	9.4e-72	1	123	3	125	0.983870967741935
TIGR02000	290	BCW-200267_05991	128	2.4e-43	3	123	2	123	0.413793103448276
TIGR03419	121	BCW-200267_05991	128	4.8e-53	1	120	3	125	0.983471074380165
TIGR03402	379	BCW-200269_00796	471	4.3e-06	46	167	150	275	0.319261213720317
TIGR03402	379	BCW-200270_00629	471	4.3e-06	46	167	150	275	0.319261213720317
TIGR03402	379	BCW-200271_00683	471	4.3e-06	46	167	150	275	0.319261213720317
TIGR03402	379	BCW-200274_06703	471	4.3e-06	46	167	150	275	0.319261213720317
TIGR03402	379	BCW-200275_00900	471	4.3e-06	46	167	150	275	0.319261213720317
TIGR01817	534	BCW-200276_04556	461	1.8e-123	185	530	132	457	0.646067415730337
TIGR01817	534	BCW-200279_02235	857	6.1e-06	182	408	554	806	0.423220973782772
TIGR01994	137	BCW-200290_05222	128	1.2e-21	5	88	3	90	0.605839416058394
TIGR01999	124	BCW-200290_05222	128	9.4e-72	1	123	3	125	0.983870967741935
TIGR02000	290	BCW-200290_05222	128	2.4e-43	3	123	2	123	0.413793103448276
TIGR03419	121	BCW-200290_05222	128	4.8e-53	1	120	3	125	0.983471074380165
TIGR03402	379	BCW-200290_05237	382	1e-06	50	174	73	198	0.327176781002639
TIGR01581	225	BCW-200302_01557	217	9.7e-09	105	173	91	159	0.302222222222222
TIGR01817	534	BCW-200302_01979	469	9.3e-104	180	526	122	465	0.647940074906367
TIGR01581	225	BCW-200307_03373	217	9.7e-09	105	173	91	159	0.302222222222222
TIGR01817	534	BCW-200307_04443	469	9.3e-104	180	526	122	465	0.647940074906367
TIGR01581	225	BCW-200308_03966	217	9.7e-09	105	173	91	159	0.302222222222222
TIGR01817	534	BCW-200308_04179	469	9.3e-104	180	526	122	465	0.647940074906367
TIGR01581	225	BCW-200312_01064	760	1.7e-06	92	173	623	703	0.36
TIGR03402	379	BCW-200312_03502	381	8.7e-06	41	176	73	216	0.356200527704486
TIGR03890	171	BCW-200315_01681	190	9.6e-07	109	168	51	110	0.345029239766082
TIGR00737	319	BCW-200327_03830	365	6.8e-09	101	229	192	330	0.401253918495298
TIGR03890	171	BCW-200327_04554	190	9.6e-07	109	168	51	110	0.345029239766082
TIGR02938	494	BCW-200328_00747	1232	1.9e-19	236	492	644	903	0.518218623481781
TIGR02935	140	BCW-200328_03890	262	1.8e-05	50	95	102	144	0.321428571428571
TIGR04103	412	BCW-200328_04048	347	2.3e-13	4	186	28	215	0.441747572815534
TIGR02938	494	BCW-200328_04204	1061	4.3e-13	259	488	527	765	0.463562753036437
TIGR01817	534	BCW-200328_05585	514	8.1e-104	180	439	127	388	0.48501872659176
TIGR01994	137	BCW-200432_03967	128	9e-22	5	88	3	90	0.605839416058394
TIGR01999	124	BCW-200432_03967	128	5.1e-73	1	123	3	125	0.983870967741935
TIGR02000	290	BCW-200432_03967	128	6.6e-43	3	123	2	123	0.413793103448276
TIGR03419	121	BCW-200432_03967	128	2.4e-52	1	120	3	125	0.983471074380165
TIGR00737	319	BCW-200432_04943	368	9.2e-06	117	230	208	331	0.35423197492163
TIGR00737	319	BCW-200436_01645	368	3.5e-06	117	230	208	331	0.35423197492163
TIGR01994	137	BCW-200436_02047	128	9e-22	5	88	3	90	0.605839416058394
TIGR01999	124	BCW-200436_02047	128	5.1e-73	1	123	3	125	0.983870967741935
TIGR02000	290	BCW-200436_02047	128	6.6e-43	3	123	2	123	0.413793103448276
TIGR03419	121	BCW-200436_02047	128	2.4e-52	1	120	3	125	0.983471074380165
TIGR03402	379	BCW-200443_03463	382	1e-06	50	174	73	198	0.327176781002639
TIGR01994	137	BCW-200443_03478	128	1.2e-21	5	88	3	90	0.605839416058394
TIGR01999	124	BCW-200443_03478	128	9.4e-72	1	123	3	125	0.983870967741935
TIGR02000	290	BCW-200443_03478	128	2.4e-43	3	123	2	123	0.413793103448276
TIGR03419	121	BCW-200443_03478	128	4.8e-53	1	120	3	125	0.983471074380165
TIGR00737	319	BCW-200458_00794	368	9.2e-06	117	230	208	331	0.35423197492163
TIGR01994	137	BCW-200458_02533	128	9e-22	5	88	3	90	0.605839416058394
TIGR01999	124	BCW-200458_02533	128	5.1e-73	1	123	3	125	0.983870967741935
TIGR02000	290	BCW-200458_02533	128	6.6e-43	3	123	2	123	0.413793103448276
TIGR03419	121	BCW-200458_02533	128	2.4e-52	1	120	3	125	0.983471074380165
TIGR00737	319	BCW-200460_02541	368	4.4e-06	116	230	207	331	0.357366771159875
TIGR01994	137	BCW-200460_03587	128	9e-22	5	88	3	90	0.605839416058394
TIGR01999	124	BCW-200460_03587	128	5.1e-73	1	123	3	125	0.983870967741935
TIGR02000	290	BCW-200460_03587	128	6.6e-43	3	123	2	123	0.413793103448276
TIGR03419	121	BCW-200460_03587	128	2.4e-52	1	120	3	125	0.983471074380165
TIGR02935	140	BCW-200464_01188	262	1.6e-05	49	95	101	144	0.328571428571429
TIGR01817	534	BCW-200464_02227	513	1e-103	180	438	127	387	0.48314606741573
TIGR04103	412	BCW-200464_02811	349	1.5e-13	4	186	29	217	0.441747572815534
TIGR03402	379	BCW-200464_03939	399	5.1e-07	50	176	79	221	0.33245382585752
TIGR02938	494	BCW-200464_04021	746	5.7e-13	285	489	245	450	0.412955465587045
TIGR02938	494	BCW-200465_01305	1217	1.8e-19	236	492	629	888	0.518218623481781
TIGR02935	140	BCW-200465_03768	262	2.2e-05	50	95	102	144	0.321428571428571
TIGR01817	534	BCW-200465_05274	514	8.1e-104	180	439	127	388	0.48501872659176
TIGR01994	137	BCW-200471_03142	128	1.3e-21	5	88	3	90	0.605839416058394
TIGR01999	124	BCW-200471_03142	128	4.2e-72	1	123	3	125	0.983870967741935
TIGR02000	290	BCW-200471_03142	128	1.1e-43	3	123	2	123	0.413793103448276
TIGR03419	121	BCW-200471_03142	128	4.5e-53	1	120	3	125	0.983471074380165
TIGR03402	379	BCW-200471_03157	382	6.2e-07	50	174	73	198	0.327176781002639
TIGR03402	379	BCW-200473_00777	471	4.3e-06	46	167	150	275	0.319261213720317
TIGR03402	379	BCW-200476_04576	382	7e-06	56	174	79	198	0.311345646437995
TIGR03402	379	BCW-200497_04909	382	7e-06	56	174	79	198	0.311345646437995
TIGR03402	379	BCW-200498_05074	382	7e-06	56	174	79	198	0.311345646437995
TIGR01581	225	BCW-200508_03146	217	9.7e-09	105	173	91	159	0.302222222222222
TIGR01817	534	BCW-200509_03353	469	9.3e-104	180	526	122	465	0.647940074906367
TIGR03402	379	BCW-200516_03456	382	7e-06	56	174	79	198	0.311345646437995
TIGR01817	534	BCW-200516_03687	469	9.3e-104	180	526	122	465	0.647940074906367
TIGR03890	171	BCW-200526_00413	294	4e-06	84	166	11	92	0.47953216374269
TIGR03402	379	BCW-200526_03723	382	7e-06	56	174	79	198	0.311345646437995
TIGR01581	225	BCW-200526_05136	217	2.6e-09	105	173	91	159	0.302222222222222
TIGR03402	379	BCW-200527_05293	382	7e-06	56	174	79	198	0.311345646437995
TIGR03402	379	BCW-200528_02542	382	7e-06	56	174	79	198	0.311345646437995
TIGR04103	412	BCW-200533_02681	352	3.6e-15	10	141	41	177	0.317961165048544
TIGR01581	225	BCW-200533_04481	482	3.5e-06	104	172	356	423	0.302222222222222
TIGR03402	379	BCW-200533_04582	399	5.1e-06	14	176	59	222	0.427440633245383
TIGR01817	534	BCW-200539_01649	461	1.1e-124	185	530	132	457	0.646067415730337
TIGR03890	171	BCW-200542_02921	190	9.6e-07	109	168	51	110	0.345029239766082
TIGR03890	171	BCW-200544_04618	190	9.6e-07	109	168	51	110	0.345029239766082
TIGR03890	171	BCW-200545_01177	278	2.6e-08	115	167	36	87	0.304093567251462
TIGR00737	319	BCW-200545_05090	365	1.1e-08	132	237	226	340	0.329153605015674
TIGR03890	171	BCW-200547_03614	190	9.6e-07	109	168	51	110	0.345029239766082
TIGR01817	534	BCW-200552_02867	518	1.6e-203	2	534	18	518	0.99625468164794
TIGR03890	171	BCW-200552_03678	278	2.6e-08	115	167	36	87	0.304093567251462
TIGR01817	534	BCW-200553_04268	461	1.8e-123	185	530	132	457	0.646067415730337
TIGR00736	231	BCW-200556_01936	258	9.9e-06	142	225	24	108	0.359307359307359
TIGR03890	171	BCW-200559_02808	278	2.6e-08	115	167	36	87	0.304093567251462
TIGR01817	534	BCW-200559_04252	518	1.6e-203	2	534	18	518	0.99625468164794
TIGR03890	171	BCW-200564_01769	278	2.6e-08	115	167	36	87	0.304093567251462
TIGR00737	319	BCW-200564_03882	365	1.1e-08	132	237	226	340	0.329153605015674
TIGR00737	319	BCW-200565_05096	365	1.1e-08	132	237	226	340	0.329153605015674
TIGR01817	534	BCW-200578_01453	518	1.6e-203	2	534	18	518	0.99625468164794
TIGR03402	379	BCW-200588_03742	382	7e-06	56	174	79	198	0.311345646437995
TIGR00736	231	BCW-200598_08580	258	6.1e-06	142	226	24	109	0.363636363636364
TIGR00737	319	BCW-200598_08580	258	3.3e-07	153	270	36	148	0.366771159874608
TIGR01994	137	BCW-200599_00846	128	9e-22	5	88	3	90	0.605839416058394
TIGR01999	124	BCW-200599_00846	128	5.1e-73	1	123	3	125	0.983870967741935
TIGR02000	290	BCW-200599_00846	128	6.6e-43	3	123	2	123	0.413793103448276
TIGR03419	121	BCW-200599_00846	128	2.4e-52	1	120	3	125	0.983471074380165
TIGR00737	319	BCW-200599_04936	368	9.2e-06	117	230	208	331	0.35423197492163
TIGR03402	379	BCW-200607_03907	382	7e-06	56	174	79	198	0.311345646437995
TIGR00737	319	BCW-200621_02581	368	3.5e-06	117	230	208	331	0.35423197492163
TIGR01994	137	BCW-200621_03321	128	9e-22	5	88	3	90	0.605839416058394
TIGR01999	124	BCW-200621_03321	128	5.1e-73	1	123	3	125	0.983870967741935
TIGR02000	290	BCW-200621_03321	128	6.6e-43	3	123	2	123	0.413793103448276
TIGR03419	121	BCW-200621_03321	128	2.4e-52	1	120	3	125	0.983471074380165
TIGR00737	319	BCW-200642_05099	365	1.1e-08	132	237	226	340	0.329153605015674
TIGR01817	534	BCW-200644_00582	518	1.6e-203	2	534	18	518	0.99625468164794
TIGR01817	534	BCW-200647_00172	518	1.6e-203	2	534	18	518	0.99625468164794
TIGR00737	319	BCW-200649_01765	365	1.1e-08	132	237	226	340	0.329153605015674
TIGR01817	534	BCW-200650_01756	518	1.6e-203	2	534	18	518	0.99625468164794
TIGR01817	534	BCW-200656_00093	443	7e-118	191	438	134	382	0.462546816479401
TIGR01817	534	BCW-200661_05168	461	1.8e-123	185	530	132	457	0.646067415730337
TIGR01817	534	BCW-200663_01668	514	8.1e-104	180	439	127	388	0.48501872659176
TIGR02935	140	BCW-200663_03826	262	1.8e-05	50	95	102	144	0.321428571428571
TIGR02938	494	BCW-200663_05158	1232	1.9e-19	236	492	644	903	0.518218623481781
TIGR01817	534	BCW-200665_01290	461	1.8e-123	185	530	132	457	0.646067415730337
TIGR01817	534	BCW-200704_04263	461	1.8e-123	185	530	132	457	0.646067415730337
TIGR04103	412	BCW-200705_00704	347	2.3e-13	4	186	28	215	0.441747572815534
TIGR02938	494	BCW-200705_00860	1061	4.3e-13	259	488	527	765	0.463562753036437
TIGR02935	140	BCW-200705_02706	262	1.8e-05	50	95	102	144	0.321428571428571
TIGR02938	494	BCW-200705_04618	1232	1.9e-19	236	492	644	903	0.518218623481781
TIGR01817	534	BCW-200705_05247	514	8.1e-104	180	439	127	388	0.48501872659176
TIGR00737	319	BCW-200715_04832	365	1.1e-08	132	237	226	340	0.329153605015674
TIGR00737	319	BCW-200716_05099	365	1.1e-08	132	237	226	340	0.329153605015674
TIGR00737	319	BCW-200717_07567	365	1.1e-08	132	237	226	340	0.329153605015674
TIGR00737	319	BCW-200718_04382	365	1.1e-08	132	237	226	340	0.329153605015674
TIGR00737	319	BCW-200722_01799	365	1.1e-08	132	237	226	340	0.329153605015674
TIGR00737	319	BCW-200723_04385	365	1.1e-08	132	237	226	340	0.329153605015674
TIGR00737	319	BCW-200724_04515	365	1.1e-08	132	237	226	340	0.329153605015674
TIGR01817	534	BCW-200775_05152	461	1.8e-123	185	530	132	457	0.646067415730337
TIGR01817	534	BCW-200776_04855	461	1.8e-123	185	530	132	457	0.646067415730337
TIGR00736	231	BCW-200785_05802	256	1.2e-05	148	224	31	108	0.329004329004329
TIGR01994	137	BCW-200785_06418	128	1.2e-21	5	88	3	90	0.605839416058394
TIGR01999	124	BCW-200785_06418	128	3.8e-73	1	123	3	125	0.983870967741935
TIGR02000	290	BCW-200785_06418	128	2.9e-43	3	123	2	123	0.413793103448276
TIGR03419	121	BCW-200785_06418	128	2.5e-52	1	120	3	125	0.983471074380165
TIGR03402	379	BCW-200790_05033	382	7e-06	56	174	79	198	0.311345646437995
TIGR03402	379	BCW-200791_00971	382	7e-06	56	174	79	198	0.311345646437995
TIGR03890	171	BCW-200797_01519	278	2.6e-08	115	167	36	87	0.304093567251462
TIGR01817	534	BCW-200797_02878	518	1.6e-203	2	534	18	518	0.99625468164794
TIGR01817	534	BCW-200798_03501	518	1.6e-203	2	534	18	518	0.99625468164794
TIGR03890	171	BCW-200798_03736	278	2.6e-08	115	167	36	87	0.304093567251462
TIGR03890	171	BCW-200800_00427	278	2.6e-08	115	167	36	87	0.304093567251462
TIGR01817	534	BCW-200800_03362	518	1.6e-203	2	534	18	518	0.99625468164794
TIGR03890	171	BCW-200801_01932	278	2.6e-08	115	167	36	87	0.304093567251462
TIGR01817	534	BCW-200801_03604	518	1.6e-203	2	534	18	518	0.99625468164794
TIGR03890	171	BCW-200818_00551	278	2.6e-08	115	167	36	87	0.304093567251462
TIGR01817	534	BCW-200818_03159	518	1.6e-203	2	534	18	518	0.99625468164794
TIGR01817	534	BCW-200821_02286	518	1.6e-203	2	534	18	518	0.99625468164794
TIGR01817	534	BCW-200828_03251	518	1.6e-203	2	534	18	518	0.99625468164794
TIGR02935	140	BCW-200902_00666	262	1.8e-05	50	95	102	144	0.321428571428571
TIGR04103	412	BCW-200902_00984	347	2.3e-13	4	186	28	215	0.441747572815534
TIGR02938	494	BCW-200902_01140	1061	4.3e-13	259	488	527	765	0.463562753036437
TIGR02938	494	BCW-200902_03185	1232	1.9e-19	236	492	644	903	0.518218623481781
TIGR01817	534	BCW-200902_04393	514	8.1e-104	180	439	127	388	0.48501872659176
TIGR02935	140	BCW-200903_00376	262	1.8e-05	50	95	102	144	0.321428571428571
TIGR04103	412	BCW-200903_00536	347	2.3e-13	4	186	28	215	0.441747572815534
TIGR02938	494	BCW-200903_00694	1061	4.3e-13	259	488	527	765	0.463562753036437
TIGR02938	494	BCW-200903_01167	1232	1.9e-19	236	492	644	903	0.518218623481781
TIGR01817	534	BCW-200903_02521	514	8.1e-104	180	439	127	388	0.48501872659176
TIGR04103	412	BCW-200904_01059	347	2.3e-13	4	186	28	215	0.441747572815534
TIGR02938	494	BCW-200904_01215	1061	4.3e-13	259	488	527	765	0.463562753036437
TIGR02935	140	BCW-200904_02360	262	1.8e-05	50	95	102	144	0.321428571428571
TIGR01817	534	BCW-200904_05003	514	8.1e-104	180	439	127	388	0.48501872659176
TIGR02938	494	BCW-200904_05563	1232	1.9e-19	236	492	644	903	0.518218623481781
TIGR04103	412	BCW-200910_00999	347	2.3e-13	4	186	28	215	0.441747572815534
TIGR02938	494	BCW-200910_01155	1061	4.3e-13	259	488	527	765	0.463562753036437
TIGR02938	494	BCW-200910_02929	1232	1.9e-19	236	492	644	903	0.518218623481781
TIGR02935	140	BCW-200910_03884	262	1.8e-05	50	95	102	144	0.321428571428571
TIGR01817	534	BCW-200910_05616	514	8.1e-104	180	439	127	388	0.48501872659176
TIGR02938	494	BCW-200912_01043	1232	1.9e-19	236	492	644	903	0.518218623481781
TIGR02935	140	BCW-200912_01390	262	1.8e-05	50	95	102	144	0.321428571428571
TIGR04103	412	BCW-200912_02650	347	2.3e-13	4	186	28	215	0.441747572815534
TIGR01817	534	BCW-200912_05507	514	8.1e-104	180	439	127	388	0.48501872659176
TIGR04103	412	BCW-200920_00400	347	2.3e-13	4	186	28	215	0.441747572815534
TIGR02935	140	BCW-200920_03039	262	1.8e-05	50	95	102	144	0.321428571428571
TIGR02938	494	BCW-200920_04830	1232	1.9e-19	236	492	644	903	0.518218623481781
TIGR01817	534	BCW-200920_05780	514	8.1e-104	180	439	127	388	0.48501872659176
TIGR01817	534	BCW-200983_01043	461	1.1e-124	185	530	132	457	0.646067415730337
TIGR01817	534	BCW-200984_01564	461	1.1e-124	185	530	132	457	0.646067415730337
TIGR00736	231	BCW-200989_02590	258	9.9e-06	142	225	24	108	0.359307359307359
TIGR01817	534	BCW-200993_01901	500	3.3e-106	184	465	122	399	0.526217228464419
TIGR03890	171	BCW-201051_03770	294	4e-06	84	166	11	92	0.47953216374269
TIGR01581	225	BCW-201051_03868	217	2.6e-09	105	173	91	159	0.302222222222222
TIGR03890	171	BCW-201054_00118	294	4e-06	84	166	11	92	0.47953216374269
TIGR01581	225	BCW-201054_01282	217	2.6e-09	105	173	91	159	0.302222222222222
TIGR01817	534	BCW-201058_02792	443	2.2e-119	192	438	135	382	0.460674157303371
TIGR03890	171	BCW-201059_02762	278	2.6e-08	115	167	36	87	0.304093567251462
TIGR01817	534	BCW-201059_03155	518	1.6e-203	2	534	18	518	0.99625468164794
TIGR01817	534	BCW-201070_00026	518	1.6e-203	2	534	18	518	0.99625468164794
TIGR03890	171	BCW-201070_04314	278	2.6e-08	115	167	36	87	0.304093567251462
TIGR01817	534	BCW-201075_04549	461	1.8e-123	185	530	132	457	0.646067415730337
TIGR01817	534	BCW-201078_04425	461	1.8e-123	185	530	132	457	0.646067415730337
TIGR03890	171	BCW-201079_00693	294	4e-06	84	166	11	92	0.47953216374269
TIGR01581	225	BCW-201079_01428	217	2.6e-09	105	173	91	159	0.302222222222222
TIGR01581	225	BCW-201081_00856	217	1.6e-08	95	173	81	159	0.346666666666667
TIGR00736	231	BCW-201081_03126	364	7.3e-07	154	225	256	330	0.307359307359307
TIGR00737	319	BCW-201081_03126	364	8.1e-07	121	229	214	332	0.338557993730408
TIGR01817	534	BCW-201082_00937	441	1.2e-119	187	438	130	382	0.470037453183521
TIGR03890	171	BCW-201082_03081	296	7.8e-06	105	167	33	93	0.362573099415205
TIGR03402	379	BCW-201082_06119	470	2e-06	48	172	152	280	0.327176781002639
TIGR01817	534	BCW-201083_00211	441	1.2e-119	187	438	130	382	0.470037453183521
TIGR03890	171	BCW-201083_01950	296	7.8e-06	105	167	33	93	0.362573099415205
TIGR03402	379	BCW-201083_03567	470	2e-06	48	172	152	280	0.327176781002639
TIGR03890	171	BCW-201085_03137	190	9.6e-07	109	168	51	110	0.345029239766082
TIGR01817	534	BCW-201088_01715	518	1.6e-203	2	534	18	518	0.99625468164794
TIGR03890	171	BCW-201088_02814	278	2.6e-08	115	167	36	87	0.304093567251462
TIGR01817	534	BCW-201091_02638	518	1.6e-203	2	534	18	518	0.99625468164794
TIGR03890	171	BCW-201091_03673	278	2.6e-08	115	167	36	87	0.304093567251462
TIGR01817	534	BCW-201097_03330	461	1.8e-123	185	530	132	457	0.646067415730337
TIGR01817	534	BCW-201098_03762	461	1.8e-123	185	530	132	457	0.646067415730337
TIGR01817	534	BCW-201107_04488	461	1.8e-123	185	530	132	457	0.646067415730337
TIGR03890	171	BCW-201152_03299	296	7.8e-06	105	167	33	93	0.362573099415205
TIGR03402	379	BCW-201152_04407	470	2e-06	48	172	152	280	0.327176781002639
TIGR03890	171	BCW-201153_01762	190	9.6e-07	109	168	51	110	0.345029239766082
TIGR03402	379	BCW-201154_01448	470	2e-06	48	172	152	280	0.327176781002639
TIGR03890	171	BCW-201154_02853	296	7.8e-06	105	167	33	93	0.362573099415205
TIGR01817	534	BCW-201155_02550	443	2.2e-119	192	438	135	382	0.460674157303371
TIGR03890	171	BCW-201162_01017	278	2.6e-08	115	167	36	87	0.304093567251462
TIGR01817	534	BCW-201162_02183	518	1.6e-203	2	534	18	518	0.99625468164794
TIGR01817	534	BCW-201173_00995	441	5.5e-119	190	438	133	382	0.464419475655431
TIGR03402	379	BCW-201173_02339	470	3e-07	57	172	166	280	0.303430079155673
TIGR03403	382	BCW-201173_02339	470	8.5e-07	59	175	167	279	0.303664921465969
TIGR01817	534	BCW-201173_03375	461	1.4e-121	185	527	132	454	0.640449438202247
TIGR01817	534	BCW-201184_03147	518	1.6e-203	2	534	18	518	0.99625468164794
TIGR03890	171	BCW-201184_03355	278	2.6e-08	115	167	36	87	0.304093567251462
TIGR00737	319	BCW-201185_03662	365	9.9e-09	99	229	190	330	0.407523510971787
TIGR03890	171	BCW-201238_01642	190	9.6e-07	109	168	51	110	0.345029239766082
TIGR03890	171	BCW-201245_03210	278	1.3e-06	115	167	36	87	0.304093567251462
TIGR03890	171	BCW-201248_01229	278	1.3e-06	115	167	36	87	0.304093567251462
TIGR00737	319	BCW-201257_03658	365	9.9e-09	99	229	190	330	0.407523510971787
TIGR01817	534	BCW-201259_00191	518	1.6e-203	2	534	18	518	0.99625468164794
TIGR03890	171	BCW-201259_03414	278	2.6e-08	115	167	36	87	0.304093567251462
TIGR01994	137	BCW-201290_01217	128	1.2e-21	5	88	3	90	0.605839416058394
TIGR01999	124	BCW-201290_01217	128	3.8e-73	1	123	3	125	0.983870967741935
TIGR02000	290	BCW-201290_01217	128	2.9e-43	3	123	2	123	0.413793103448276
TIGR03419	121	BCW-201290_01217	128	2.5e-52	1	120	3	125	0.983471074380165
TIGR00736	231	BCW-201290_03192	256	1.2e-05	148	224	31	108	0.329004329004329
TIGR00737	319	BCW-201292_04708	368	9.2e-06	117	230	208	331	0.35423197492163
TIGR01994	137	BCW-201292_05174	128	9e-22	5	88	3	90	0.605839416058394
TIGR01999	124	BCW-201292_05174	128	5.1e-73	1	123	3	125	0.983870967741935
TIGR02000	290	BCW-201292_05174	128	6.6e-43	3	123	2	123	0.413793103448276
TIGR03419	121	BCW-201292_05174	128	2.4e-52	1	120	3	125	0.983471074380165
TIGR00737	319	BCW-201293_00670	368	9.2e-06	117	230	208	331	0.35423197492163
TIGR01994	137	BCW-201293_01314	128	9e-22	5	88	3	90	0.605839416058394
TIGR01999	124	BCW-201293_01314	128	5.1e-73	1	123	3	125	0.983870967741935
TIGR02000	290	BCW-201293_01314	128	6.6e-43	3	123	2	123	0.413793103448276
TIGR03419	121	BCW-201293_01314	128	2.4e-52	1	120	3	125	0.983471074380165
TIGR01817	534	BCW-201297_03542	518	1.6e-203	2	534	18	518	0.99625468164794
TIGR01817	534	BCW-201302_00099	518	1.6e-203	2	534	18	518	0.99625468164794
TIGR01817	534	BCW-201303_03435	518	1.6e-203	2	534	18	518	0.99625468164794
TIGR01817	534	BCW-201304_00148	518	1.6e-203	2	534	18	518	0.99625468164794
TIGR03890	171	BCW-201350_04621	190	9.6e-07	109	168	51	110	0.345029239766082
TIGR03890	171	BCW-201444_00273	610	1.8e-05	9	64	357	412	0.321637426900585
TIGR03890	171	BCW-201445_01759	610	1.8e-05	9	64	357	412	0.321637426900585
TIGR01817	534	BCW-201614_00309	461	1.8e-123	185	530	132	457	0.646067415730337
TIGR01817	534	BCW-201615_04955	461	1.8e-123	185	530	132	457	0.646067415730337
TIGR01817	534	BCW-201620_04844	461	1.8e-123	185	530	132	457	0.646067415730337
TIGR03890	171	BCW-201653_00317	294	4e-06	84	166	11	92	0.47953216374269
TIGR01581	225	BCW-201653_02472	217	2.6e-09	105	173	91	159	0.302222222222222
TIGR03890	171	BCW-201662_01469	294	4e-06	84	166	11	92	0.47953216374269
TIGR01581	225	BCW-201662_02105	217	2.6e-09	105	173	91	159	0.302222222222222
TIGR01817	534	BCW-201703_04817	461	1.8e-123	185	530	132	457	0.646067415730337
TIGR01817	534	BCW-201808_02511	443	5.4e-118	191	438	134	382	0.462546816479401
TIGR03890	171	BCW-201809_02351	190	9.6e-07	109	168	51	110	0.345029239766082
TIGR00737	319	BCW-201809_03074	365	6.8e-09	101	229	192	330	0.401253918495298
TIGR01616	126	BCW-201811_04643	340	3e-06	13	70	173	228	0.452380952380952
TIGR03419	121	BCW-201813_04308	284	1.2e-05	52	89	164	201	0.305785123966942
TIGR03419	121	BCW-201815_01192	284	1.2e-05	52	89	164	201	0.305785123966942
TIGR03419	121	BCW-201818_06885	284	1.2e-05	52	89	164	201	0.305785123966942
TIGR00737	319	BCW-201819_02215	360	1e-06	109	229	202	332	0.376175548589342
TIGR03419	121	BCW-201823_02084	284	1.2e-05	52	89	164	201	0.305785123966942
TIGR03419	121	BCW-201824_06661	284	1.2e-05	52	89	164	201	0.305785123966942
TIGR03419	121	BCW-201825_05320	284	1.2e-05	52	89	164	201	0.305785123966942
TIGR01581	225	BCW-201827_02791	217	1.6e-08	95	173	81	159	0.346666666666667
TIGR00736	231	BCW-201827_03073	364	7.3e-07	154	225	256	330	0.307359307359307
TIGR00737	319	BCW-201827_03073	364	8.1e-07	121	229	214	332	0.338557993730408
TIGR01817	534	BCW-201828_03946	443	5.4e-118	191	438	134	382	0.462546816479401
TIGR03419	121	BCW-201830_03189	284	1.2e-05	52	89	164	201	0.305785123966942
TIGR01616	126	BCW-201832_04630	340	3e-06	13	70	173	228	0.452380952380952
TIGR01581	225	BCW-201833_00742	217	1.4e-08	27	173	17	159	0.648888888888889
TIGR00736	231	BCW-201833_03600	364	9.1e-06	154	225	256	330	0.307359307359307
TIGR03419	121	BCW-201834_01428	284	1.2e-05	52	89	164	201	0.305785123966942
TIGR01290	441	BCW-201835_00290	340	1.2e-09	27	219	17	191	0.435374149659864
TIGR04103	412	BCW-201835_00290	340	1.1e-10	10	152	19	170	0.344660194174757
TIGR00736	231	BCW-201835_01285	488	1.1e-06	145	219	227	299	0.32034632034632
TIGR03402	379	BCW-201835_01672	378	7.6e-08	43	176	67	209	0.350923482849604
TIGR03419	121	BCW-201836_04438	284	1.2e-05	52	89	164	201	0.305785123966942
TIGR01290	441	BCW-201838_01575	359	2.4e-12	26	224	43	217	0.448979591836735
TIGR00737	319	BCW-201838_02873	360	1.5e-07	107	229	201	332	0.382445141065831
TIGR03419	121	BCW-201840_04591	284	1.2e-05	52	89	164	201	0.305785123966942
TIGR01290	441	BCW-201842_01455	359	4e-12	26	223	43	216	0.44671201814059
TIGR00737	319	BCW-201842_02808	360	4.6e-06	108	229	202	332	0.379310344827586
TIGR01616	126	BCW-201844_07447	340	3e-06	13	70	173	228	0.452380952380952
TIGR00737	319	BCW-201844_07548	360	1e-06	109	229	202	332	0.376175548589342
TIGR01616	126	BCW-201845_04892	340	3e-06	13	70	173	228	0.452380952380952
TIGR01817	534	BCW-201850_04168	443	5.4e-118	191	438	134	382	0.462546816479401
TIGR03419	121	BCW-201856_03462	284	1.2e-05	52	89	164	201	0.305785123966942
TIGR01817	534	BCW-201858_02474	443	5.4e-118	191	438	134	382	0.462546816479401
TIGR03402	379	BCW-201859_01384	382	5.5e-06	48	174	71	198	0.33245382585752
TIGR01994	137	BCW-201859_01399	128	9.9e-22	5	88	3	90	0.605839416058394
TIGR01999	124	BCW-201859_01399	128	1.1e-72	1	123	3	125	0.983870967741935
TIGR02000	290	BCW-201859_01399	128	5.7e-43	3	123	2	123	0.413793103448276
TIGR03419	121	BCW-201859_01399	128	4.5e-52	1	120	3	125	0.983471074380165
TIGR03419	121	BCW-201860_06619	284	1.2e-05	52	89	164	201	0.305785123966942
TIGR01994	137	BCW-201862_04169	128	9e-22	5	88	3	90	0.605839416058394
TIGR01999	124	BCW-201862_04169	128	5.1e-73	1	123	3	125	0.983870967741935
TIGR02000	290	BCW-201862_04169	128	6.6e-43	3	123	2	123	0.413793103448276
TIGR03419	121	BCW-201862_04169	128	2.4e-52	1	120	3	125	0.983471074380165
TIGR00737	319	BCW-201862_04569	368	3.5e-06	117	230	208	331	0.35423197492163
TIGR01581	225	BCW-201864_02434	217	1.6e-08	95	173	81	159	0.346666666666667
TIGR00736	231	BCW-201864_02526	364	7.3e-07	154	225	256	330	0.307359307359307
TIGR00737	319	BCW-201864_02526	364	8.1e-07	121	229	214	332	0.338557993730408
TIGR01581	225	BCW-201867_01791	217	1.6e-08	95	173	81	159	0.346666666666667
TIGR00736	231	BCW-201867_03360	364	7.3e-07	154	225	256	330	0.307359307359307
TIGR00737	319	BCW-201867_03360	364	8.1e-07	121	229	214	332	0.338557993730408
TIGR01994	137	BCW-201868_03531	128	9.9e-22	5	88	3	90	0.605839416058394
TIGR01999	124	BCW-201868_03531	128	1.1e-72	1	123	3	125	0.983870967741935
TIGR02000	290	BCW-201868_03531	128	5.7e-43	3	123	2	123	0.413793103448276
TIGR03419	121	BCW-201868_03531	128	4.5e-52	1	120	3	125	0.983471074380165
TIGR03402	379	BCW-201868_03546	382	8.9e-06	48	174	71	198	0.33245382585752
TIGR01817	534	BCW-201870_02523	515	1.3e-103	180	443	127	392	0.49250936329588
TIGR04103	412	BCW-201870_03136	349	5.5e-14	4	187	29	218	0.444174757281553
TIGR03402	379	BCW-201870_04755	399	2.4e-07	50	178	79	224	0.337730870712401
TIGR04103	412	BCW-201872_04979	349	5.5e-14	4	187	29	218	0.444174757281553
TIGR01817	534	BCW-201872_08409	515	1.3e-103	180	443	127	392	0.49250936329588
TIGR03402	379	BCW-201872_08988	399	2.4e-07	50	178	79	224	0.337730870712401
TIGR01817	534	BCW-201873_00454	443	5.4e-118	191	438	134	382	0.462546816479401
TIGR03402	379	BCW-201875_01958	382	5.5e-06	48	174	71	198	0.33245382585752
TIGR01994	137	BCW-201875_01973	128	9.9e-22	5	88	3	90	0.605839416058394
TIGR01999	124	BCW-201875_01973	128	1.1e-72	1	123	3	125	0.983870967741935
TIGR02000	290	BCW-201875_01973	128	5.7e-43	3	123	2	123	0.413793103448276
TIGR03419	121	BCW-201875_01973	128	4.5e-52	1	120	3	125	0.983471074380165
TIGR01817	534	BCW-201876_02693	443	5.4e-118	191	438	134	382	0.462546816479401
TIGR01616	126	BCW-201877_01446	340	3e-06	13	70	173	228	0.452380952380952
TIGR01616	126	BCW-201878_04626	340	3e-06	13	70	173	228	0.452380952380952
TIGR01817	534	BCW-201879_03869	443	5.4e-118	191	438	134	382	0.462546816479401
TIGR01616	126	BCW-201880_04901	340	3e-06	13	70	173	228	0.452380952380952
TIGR01616	126	BCW-201882_04623	340	3e-06	13	70	173	228	0.452380952380952
TIGR01616	126	BCW-201884_04828	340	3e-06	13	70	173	228	0.452380952380952
TIGR01616	126	BCW-201885_04902	340	3e-06	13	70	173	228	0.452380952380952
TIGR01817	534	BCW-201886_04826	443	5.4e-118	191	438	134	382	0.462546816479401
TIGR01817	534	BCW-201887_03372	443	5.4e-118	191	438	134	382	0.462546816479401
TIGR01817	534	BCW-201888_00092	443	5.4e-118	191	438	134	382	0.462546816479401
TIGR01616	126	BCW-201889_03385	340	3e-06	13	70	173	228	0.452380952380952
TIGR03890	171	BCW-201891_05916	190	9.6e-07	109	168	51	110	0.345029239766082
TIGR03419	121	BCW-201894_02046	284	1.2e-05	52	89	164	201	0.305785123966942
TIGR01616	126	BCW-201895_04642	340	3e-06	13	70	173	228	0.452380952380952
TIGR00737	319	BCW-201896_01450	360	4.6e-06	108	229	202	332	0.379310344827586
TIGR01290	441	BCW-201896_02744	359	4e-12	26	223	43	216	0.44671201814059
TIGR01616	126	BCW-201899_04916	340	3e-06	13	70	173	228	0.452380952380952
TIGR00737	319	BCW-201902_02232	345	3.4e-06	115	230	183	308	0.360501567398119
TIGR01994	137	BCW-201902_05797	128	9.2e-22	5	88	3	90	0.605839416058394
TIGR01999	124	BCW-201902_05797	128	5.1e-73	1	123	3	125	0.983870967741935
TIGR02000	290	BCW-201902_05797	128	2.6e-43	3	123	2	123	0.413793103448276
TIGR03419	121	BCW-201902_05797	128	4.2e-52	1	120	3	125	0.983471074380165
TIGR03402	379	BCW-201902_08418	476	1.4e-07	46	161	161	273	0.303430079155673
TIGR01616	126	BCW-201903_00107	340	3e-06	13	70	173	228	0.452380952380952
TIGR01581	225	BCW-201909_02279	217	1.6e-08	95	173	81	159	0.346666666666667
TIGR00736	231	BCW-201909_02517	364	7.3e-07	154	225	256	330	0.307359307359307
TIGR00737	319	BCW-201909_02517	364	8.1e-07	121	229	214	332	0.338557993730408
TIGR00736	231	BCW-201910_04166	362	9.3e-08	152	226	253	330	0.32034632034632
TIGR03419	121	BCW-201911_03465	284	1.2e-05	52	89	164	201	0.305785123966942
TIGR01616	126	BCW-201914_01439	340	3e-06	13	70	173	228	0.452380952380952
TIGR03419	121	BCW-201915_02494	284	1.2e-05	52	89	164	201	0.305785123966942
TIGR03419	121	BCW-201916_02372	284	1.2e-05	52	89	164	201	0.305785123966942
TIGR01581	225	BCW-201917_01976	217	1.6e-08	95	173	81	159	0.346666666666667
TIGR00736	231	BCW-201917_02109	364	7.3e-07	154	225	256	330	0.307359307359307
TIGR00737	319	BCW-201917_02109	364	8.1e-07	121	229	214	332	0.338557993730408
TIGR03419	121	BCW-201919_02413	284	1.2e-05	52	89	164	201	0.305785123966942
TIGR01817	534	BCW-201937_01609	443	5.4e-118	191	438	134	382	0.462546816479401
TIGR01616	126	BCW-201938_03639	340	3e-06	13	70	173	228	0.452380952380952
TIGR00736	231	BCW-201939_01072	362	9.3e-08	152	226	253	330	0.32034632034632
TIGR01616	126	BCW-201945_04645	340	3e-06	13	70	173	228	0.452380952380952
TIGR03402	379	BCW-201947_01940	382	5.5e-06	48	174	71	198	0.33245382585752
TIGR01994	137	BCW-201947_01955	128	9.9e-22	5	88	3	90	0.605839416058394
TIGR01999	124	BCW-201947_01955	128	1.1e-72	1	123	3	125	0.983870967741935
TIGR02000	290	BCW-201947_01955	128	5.7e-43	3	123	2	123	0.413793103448276
TIGR03419	121	BCW-201947_01955	128	4.5e-52	1	120	3	125	0.983471074380165
TIGR03890	171	BCW-201954_07291	278	2.6e-08	115	167	36	87	0.304093567251462
TIGR03419	121	BCW-201954_08318	284	1.2e-05	52	89	164	201	0.305785123966942
TIGR01616	126	BCW-201957_02983	340	3e-06	13	70	173	228	0.452380952380952
TIGR01817	534	BCW-201972_03635	443	5.4e-118	191	438	134	382	0.462546816479401
TIGR01616	126	BCW-201975_04646	340	3e-06	13	70	173	228	0.452380952380952
TIGR01817	534	BCW-201990_03521	443	5.4e-118	191	438	134	382	0.462546816479401
TIGR01581	225	BCW-201997_01048	217	1.6e-08	95	173	81	159	0.346666666666667
TIGR00736	231	BCW-201997_02858	364	7e-07	154	225	256	330	0.307359307359307
TIGR00737	319	BCW-201997_02858	364	4.2e-07	122	230	215	333	0.338557993730408
TIGR01581	225	BCW-202001_00815	217	1.6e-08	95	173	81	159	0.346666666666667
TIGR00736	231	BCW-202001_02084	364	7e-07	154	225	256	330	0.307359307359307
TIGR00737	319	BCW-202001_02084	364	4.2e-07	122	230	215	333	0.338557993730408
TIGR01616	126	BCW-202005_04648	340	3e-06	13	70	173	228	0.452380952380952
TIGR01817	534	BCW-202006_00573	443	5.4e-118	191	438	134	382	0.462546816479401
