"","baseMean","log2FoldChange","lfcSE","stat","pvalue","padj"
"CM_cdhit-1_host-transcript_208545",3887.34413896963,-28.4315776922309,2.85824798310494,-9.94720467233407,2.5936621756517e-23,6.59905467351063e-19
"CM_cdhit-1_host-transcript_101108",21.709823054532,22.4005578027856,2.98300231467644,7.5094000740711,5.93989384123141e-14,1.07254954424442e-10
"CM_cdhit-1_host-transcript_102052",19.9868212248072,22.2881890387326,2.97779887006965,7.48478658607704,7.16634919315926e-14,1.07254954424442e-10
"CM_cdhit-1_host-transcript_102351",33.7708358626053,23.0048391310853,3.01489006166482,7.63040729862702,2.34013188083212e-14,1.07254954424442e-10
"CM_cdhit-1_host-transcript_102611",25.8450274458714,22.6404347143837,2.99482614458986,7.55984942741453,4.03536220471822e-14,1.07254954424442e-10
"CM_cdhit-1_host-transcript_102652",20.3314215907522,22.314010618346,2.9788511370136,7.49081091736478,6.84493692286824e-14,1.07254954424442e-10
"CM_cdhit-1_host-transcript_146585",33.7708358626053,23.0048391310853,3.01489006166482,7.63040729862702,2.34013188083212e-14,1.07254954424442e-10
"CM_cdhit-1_host-transcript_158381",30.3248322031558,22.8577763391741,3.00662421424198,7.60247197867293,2.90526899349521e-14,1.07254954424442e-10
"CM_cdhit-1_host-transcript_94734",20.6760219566971,22.3350061555069,2.97989784009627,7.49522545873094,6.61844984501827e-14,1.07254954424442e-10
"CM_cdhit-1_host-transcript_96626",28.2572300074861,22.7617262031543,3.00136178948683,7.58379955488341,3.35579475031011e-14,1.07254954424442e-10
"CM_cdhit-1_host-transcript_97269",33.0816351307154,22.973007247814,3.01328515202352,7.62390749258724,2.46109769256378e-14,1.07254954424442e-10
"CM_cdhit-1_host-transcript_98127",23.4328248842568,22.5076258113859,2.9880481488657,7.53255124751924,4.97583866412253e-14,1.07254954424442e-10
"CM_cdhit-1_host-transcript_98522",22.7436241523669,22.4639628881206,2.98604976380526,7.52297003231911,5.35457003546689e-14,1.07254954424442e-10
"CM_cdhit-1_host-transcript_99231",23.0882245183118,22.4842751140703,2.98705250865331,7.52724468315663,5.18222054232267e-14,1.07254954424442e-10
"CM_cdhit-1_host-transcript_99233",24.4666259820916,22.5498633930161,2.99099450272822,7.53925270422507,4.7267223358937e-14,1.07254954424442e-10
"CM_cdhit-1_host-transcript_99431",20.6760219566971,22.3350061555069,2.97989784009627,7.49522545873094,6.61844984501827e-14,1.07254954424442e-10
"CM_cdhit-1_host-transcript_99791",33.7708358626053,23.0048391310853,3.01489006166482,7.63040729862702,2.34013188083212e-14,1.07254954424442e-10
"CM_cdhit-1_host-transcript_256869",15.5767035324049,21.954506803406,2.93631172753286,7.4768991989323,7.6096737536363e-14,1.07562738507649e-10
"CM_cdhit-1_host-transcript_102212",16.8854179313027,22.0610458203603,2.96814089046875,7.43261409564565,1.06472191826326e-13,1.08358879065488e-10
"CM_cdhit-1_host-transcript_245176",14.0623018000877,21.8161696375989,2.93123910166964,7.44264417910239,9.86896517567098e-14,1.08358879065488e-10
"CM_cdhit-1_host-transcript_245216",14.0623018000877,21.8161696375989,2.93123910166964,7.44264417910239,9.86896517567098e-14,1.08358879065488e-10
"CM_cdhit-1_host-transcript_246255",14.9276742185547,21.9011370066778,2.93419858031928,7.46409501850917,8.38740615525229e-14,1.08358879065488e-10
"CM_cdhit-1_host-transcript_249814",14.2786449047045,21.8365750891886,2.93210914698172,7.44739503018395,9.52012409731497e-14,1.08358879065488e-10
"CM_cdhit-1_host-transcript_96274",16.8854179313027,22.0610458203603,2.96814089046875,7.43261409564565,1.06472191826326e-13,1.08358879065488e-10
"CM_cdhit-1_host-transcript_98493",16.8854179313027,22.0610458203603,2.96814089046875,7.43261409564565,1.06472191826326e-13,1.08358879065488e-10
"CM_cdhit-1_host-transcript_102042",29.6356314712659,20.995556885407,3.0048970483648,6.98711355080611,2.80599136480249e-12,2.68718567780717e-09
"CM_cdhit-1_host-transcript_94212",18.4739110855642,-21.0158158883632,3.00877177871909,-6.98484878015912,2.85162965455306e-12,2.68718567780717e-09
"CM_cdhit-1_host-transcript_77928",17.6341878544022,-20.9507654276538,3.00625018841396,-6.96906914414432,3.1904487861681e-12,2.79912374022327e-09
"CM_cdhit-1_host-transcript_89025",17.6341878544022,-20.9507654276538,3.00625018841396,-6.96906914414432,3.1904487861681e-12,2.79912374022327e-09
"CM_cdhit-1_host-transcript_82847",16.3746030076592,-20.8452393676,3.00245633552263,-6.94272856560011,3.84597967220147e-12,2.91405863846343e-09
"CM_cdhit-1_host-transcript_82906",15.9547413920782,-20.8104199349095,3.00119511727519,-6.93404431292142,4.08976451648515e-12,2.91405863846343e-09
"CM_cdhit-1_host-transcript_82998",15.9547413920782,-20.8104199349095,3.00119511727519,-6.93404431292142,4.08976451648515e-12,2.91405863846343e-09
"CM_cdhit-1_host-transcript_83019",15.7448105842877,-20.7909777648726,3.0005662164714,-6.92901814688905,4.2377144842647e-12,2.91405863846343e-09
"CM_cdhit-1_host-transcript_83213",15.7448105842877,-20.7909777648726,3.0005662164714,-6.92901814688905,4.2377144842647e-12,2.91405863846343e-09
"CM_cdhit-1_host-transcript_88393",16.7944646232402,-20.8799482763448,3.0037205047508,-6.95136190045655,3.61776456078965e-12,2.91405863846343e-09
"CM_cdhit-1_host-transcript_90926",16.7944646232402,-20.8799482763448,3.0037205047508,-6.95136190045655,3.61776456078965e-12,2.91405863846343e-09
"CM_cdhit-1_host-transcript_98382",15.9547413920782,-20.8104199349095,3.00119511727519,-6.93404431292142,4.08976451648515e-12,2.91405863846343e-09
"CM_cdhit-1_host-transcript_136780",141.542400740079,9.9415795045365,1.75896731258451,5.65194101869296,1.58646033274495e-08,1.06221869068499e-05
"CM_cdhit-1_host-transcript_239241",1228.87101036434,9.36175377532269,1.66492095676272,5.62294188039157,1.87732576396119e-08,1.22473844647345e-05
"CM_cdhit-1_host-transcript_98111",176.403121557151,11.2586088071525,2.03283116779003,5.53838852214775,3.05267458923543e-08,1.94172998934793e-05
"CM_cdhit-1_host-transcript_91510",1782.80407166214,-13.7705956286792,2.58251715112355,-5.33223782180426,9.70097726140042e-08,6.02004791370271e-05
"CM_cdhit-1_host-transcript_66752",142.31391684498,-9.51456879408175,1.84824031824403,-5.14790674143571,2.63409385827107e-07,0.000159569642942836
"CM_cdhit-1_host-transcript_38803",903.772638728466,-7.44103469045523,1.46198636215021,-5.08967448883131,3.58678681946144e-07,0.000212229341971064
"CM_cdhit-1_host-transcript_38511",64.4314334204377,9.80295961280684,1.9308495685664,5.07701882756473,3.83402893666164e-07,0.000221702723262459
"CM_cdhit-1_host-transcript_197849",265.021834306062,11.845409379983,2.33605179325489,5.0706963836099,3.96362674135052e-07,0.000224103455955958
"CM_cdhit-1_host-transcript_255296",1015.13600410542,7.49640707946504,1.50260766001809,4.98893176105252,6.07140870642056e-07,0.000335814895037953
"CM_cdhit-1_host-transcript_75096",344.721192192115,-10.8005663494856,2.19576780498098,-4.9188107799855,8.70715883399031e-07,0.000471353706836628
"CM_cdhit-1_host-transcript_75093",1369.58295460117,-10.6856503222269,2.17506828897087,-4.91278842894757,8.97901527873599e-07,0.0004759439286185
"CM_cdhit-1_host-transcript_198609",2625.43227756394,-10.8984527413235,2.22155304021415,-4.90578102077315,9.3056299848819e-07,0.000483190089194592
"CM_cdhit-1_host-transcript_21486",986.246187685077,-10.1752334146694,2.07667019834179,-4.89978303863284,9.59425436443424e-07,0.000488213227588601
"CM_cdhit-1_host-transcript_248084",1024.79215287569,9.59196374914386,1.95927210560508,4.89567718628933,9.79677740786673e-07,0.000488743936447752
"CM_cdhit-1_host-transcript_85996",66.4803370921116,9.8498751971633,2.01993834107368,4.87632468619201,1.08080656043387e-06,0.000518848326738094
"CM_cdhit-1_host-transcript_91482",265.893460128356,8.4660993851715,1.73541794088759,4.87842103374905,1.06938461043613e-06,0.000518848326738094
"CM_cdhit-1_host-transcript_248480",35.258132062965,8.93664654256996,1.85264746709544,4.82371670881387,1.40907514186593e-06,0.000663909237675833
"CM_cdhit-1_host-transcript_254970",9336.13121612887,9.37852840958223,1.94713843554273,4.81656991531171,1.46047007256256e-06,0.000675613455567442
"CM_cdhit-1_host-transcript_131577",443.199305699663,12.5870695852565,2.61636708589957,4.81089586132321,1.50255293707867e-06,0.000682668828180227
"CM_cdhit-1_host-transcript_37187",96.0245427871876,-9.83607754925261,2.04788834517018,-4.80303409726921,1.56279260049309e-06,0.000697581265514838
"CM_cdhit-1_host-transcript_248795",554.845765304657,12.9111956498553,2.70267687952976,4.77718803444299,1.77763531576496e-06,0.000779799574810481
"CM_cdhit-1_host-transcript_131816",53.4653732965161,9.53947510411547,2.0037016115903,4.76092600262179,1.92706701335766e-06,0.000831023152895913
"CM_cdhit-1_host-transcript_157908",52.3522120577086,-8.96280000820091,1.89477287077945,-4.73027672415106,2.24214000514332e-06,0.000950779469181023
"CM_cdhit-1_host-transcript_85618",42.3501526240852,8.26615316461526,1.76273606433721,4.6893878963799,2.74023506328805e-06,0.00114294755270882
"CM_cdhit-1_host-transcript_199347",206.216893901372,-7.14875779652416,1.52784072020596,-4.67899415297719,2.88285662745302e-06,0.00118304066406915
"CM_cdhit-1_host-transcript_232599",457.910127849985,-9.71640893959456,2.08332952187906,-4.66388482357358,3.10295095337954e-06,0.00125314890645771
"CM_cdhit-1_host-transcript_197156",1949.20683872579,-8.27508816184382,1.77662663397124,-4.6577530718127,3.19679323482026e-06,0.00127087516052394
"CM_cdhit-1_host-transcript_71676",59.6490552608464,-8.25830293943843,1.78424529988971,-4.62845716334459,3.6840004569922e-06,0.00139898542727243
"CM_cdhit-1_host-transcript_74554",49.6494266846773,-8.8851777015563,1.91880509314661,-4.63057854770735,3.6464541837208e-06,0.00139898542727243
"CM_cdhit-1_host-transcript_83662",133.863239372034,-5.77146162251907,1.24663601362471,-4.62962850378276,3.66322337893937e-06,0.00139898542727243
"CM_cdhit-1_host-transcript_95105",30.1695657935158,8.71091268472867,1.88870822657553,4.61210077986618,3.98619632076646e-06,0.00149148224984208
"CM_cdhit-1_host-transcript_232603",81.3643794667712,-9.59765820892129,2.09022580394263,-4.59168487481973,4.39681913020421e-06,0.00162127926275052
"CM_cdhit-1_host-transcript_97907",389.908188570885,5.62725410915749,1.22963845093609,4.57634852331889,4.73162025712701e-06,0.00171980877431546
"CM_cdhit-1_host-transcript_132777",188.539293968888,11.3545835543867,2.49107498742876,4.55810588267628,5.16170150988508e-06,0.00184970664107051
"CM_cdhit-1_host-transcript_100475",30.9457600289771,8.75053880803049,1.92334247568851,4.54965193076081,5.37347249824814e-06,0.00189885084406844
"CM_cdhit-1_host-transcript_136921",31.4961224969097,8.77605677115252,1.93455119127183,4.53648205886084,5.72003530468065e-06,0.00199362819530123
"CM_cdhit-1_host-transcript_136953",138.113864748196,9.88568125982062,2.18347013940377,4.52750925300956,5.96829885101338e-06,0.00202468570221778
"CM_cdhit-1_host-transcript_91642",37.4810994234198,-8.47964464777589,1.87188717906717,-4.52999771706412,5.89843238096124e-06,0.00202468570221778
"CM_cdhit-1_host-transcript_100826",202.628618274707,5.2926107994295,1.17619521160741,4.49977244185217,6.80262443627865e-06,0.00224778147444465
"CM_cdhit-1_host-transcript_246530",180.832569512082,8.12377098861792,1.80468153139809,4.50149837923173,6.74760797935126e-06,0.00224778147444465
"CM_cdhit-1_host-transcript_84181",227.696972839695,-9.04528555454537,2.01216375826482,-4.49530288844161,6.94709867035058e-06,0.00226609014704782
"CM_cdhit-1_host-transcript_256709",1539.03434976547,7.57021960901171,1.69409991780764,4.46857917259593,7.8740868472518e-06,0.00253595432474212
"CM_cdhit-1_host-transcript_72071",833.15533477529,-8.47286576137385,1.9040238222041,-4.44997886190607,8.58787415664861e-06,0.00270799782372224
"CM_cdhit-1_host-transcript_82566",444.716187352442,-11.1738629478302,2.511461095596,-4.44914833338418,8.621146237531e-06,0.00270799782372224
"CM_cdhit-1_host-transcript_255122",127.083866542325,7.76817186123697,1.75110725541995,4.43614852099623,9.15826731504649e-06,0.0028416316499601
"CM_cdhit-1_host-transcript_142030",52.3182869139278,9.50531021341132,2.14795806963029,4.42527735890459,9.63184500420994e-06,0.00295256665592908
"CM_cdhit-1_host-transcript_92325",2312.99351442862,-8.1468655627866,1.84645439298251,-4.41216722912245,1.02341016697686e-05,0.00309983629504668
"CM_cdhit-1_host-transcript_248514",46.7147337963939,8.41221816927892,1.91759310614511,4.38686295978076,1.14997192130836e-05,0.00344220418751162
"CM_cdhit-1_host-transcript_94843",348.560014915375,8.74264313130404,1.99887786056914,4.37377555866006,1.22115929866604e-05,0.00361278558557674
"CM_cdhit-1_host-transcript_85982",861.011602174904,5.27078780776024,1.20925704241886,4.35869928631314,1.3083774709341e-05,0.00382632735551451
"CM_cdhit-1_host-transcript_91868",71.5790347912641,-7.95104167865195,1.82721424230783,-4.35145561727316,1.35236699156679e-05,0.00391003106436748
"CM_cdhit-1_host-transcript_38143",98.6944186153694,-9.87706105290312,2.27358998052859,-4.3442578202279,1.3974731483158e-05,0.00399504599017965
"CM_cdhit-1_host-transcript_137767",1233.73545089188,5.35664675064159,1.23521708285434,4.33660352094828,1.4470129264264e-05,0.00402203099272277
"CM_cdhit-1_host-transcript_154639",196.556360787982,7.98406261670292,1.84256894756944,4.33311471314808,1.47014456755578e-05,0.00402203099272277
"CM_cdhit-1_host-transcript_246493",64.1048681262802,9.79709213969693,2.25776576112537,4.33928634599083,1.42946164974568e-05,0.00402203099272277
"CM_cdhit-1_host-transcript_99241",66.5998661976978,9.85281367864136,2.27321058483043,4.33431629449163,1.46213826842223e-05,0.00402203099272277
"CM_cdhit-1_host-transcript_108904",55.2469884300698,9.58317477907527,2.21629177753513,4.32396802452306,1.53247517911529e-05,0.00414795382789685
"CM_cdhit-1_host-transcript_199263",316.975162444826,-7.29063629638621,1.69233819609953,-4.30802561402297,1.64718313625677e-05,0.00441150321429275
"CM_cdhit-1_host-transcript_92961",91.2193361033144,-9.7615829908258,2.27241511233279,-4.29568653097226,1.74153528436762e-05,0.00461561273335057
"CM_cdhit-1_host-transcript_82765",51.4227295945196,-8.93382799602446,2.09007176271471,-4.27441208258833,1.91642305578575e-05,0.00497782955915424
"CM_cdhit-1_host-transcript_83724",68.6784847326575,-7.6210207501195,1.78298428243289,-4.27430618722034,1.9173340282086e-05,0.00497782955915424
"CM_cdhit-1_host-transcript_158041",323.140872106738,-4.67608111111907,1.09578933225774,-4.26731760701173,1.97837403407403e-05,0.00508442126757026
"CM_cdhit-1_host-transcript_246022",128.089903863437,8.47117924679543,1.98619278587251,4.26503374045544,1.99871995153529e-05,0.00508534317269123
"CM_cdhit-1_host-transcript_97842",1617.38144559817,5.80217977797413,1.36248439548637,4.2585293433052,2.05776211620631e-05,0.00518372688342943
"CM_cdhit-1_host-transcript_198787",25.0443001145092,-7.89767722599329,1.85631183180988,-4.25449921217878,2.09517397415046e-05,0.00522622661022647
"CM_cdhit-1_host-transcript_98029",116.126343218378,7.0251314126415,1.65970016056943,4.23277142434645,2.30829075431169e-05,0.00570192637494683
"CM_cdhit-1_host-transcript_245735",113.897682910076,6.98635826828051,1.65923759406841,4.21058339881882,2.547120712679e-05,0.00623138387429728
"CM_cdhit-1_host-transcript_131164",156.96672908672,10.1673450517607,2.43325811264737,4.17849014821476,2.93450705532654e-05,0.00701722772532393
"CM_cdhit-1_host-transcript_98032",41.8353457133398,8.24778323282923,1.97354495762302,4.17917169860828,2.92572741534739e-05,0.00701722772532393
"CM_cdhit-1_host-transcript_98396",43.8736445320081,9.2483747687658,2.21400822590242,4.17720885612167,2.95108032311308e-05,0.00701722772532393
"CM_cdhit-1_host-transcript_146522",338.216253650633,10.2601147186079,2.45901600191101,4.17244731658284,3.01345291246887e-05,0.00709919281962459
"CM_cdhit-1_host-transcript_160554",37.021883735375,9.00525272209299,2.15950739930205,4.17004948675029,3.04533503781239e-05,0.00710848251073951
"CM_cdhit-1_host-transcript_133187",38.3164937332803,9.05271195959813,2.17238326346095,4.16717994097217,3.08391060751291e-05,0.00713290855452015
"CM_cdhit-1_host-transcript_137338",140.144918017356,7.42449006887184,1.7825386884649,4.16512141751365,3.11186907814227e-05,0.00713290855452015
"CM_cdhit-1_host-transcript_251150",22.5518926524286,-7.74707305884299,1.86125767764403,-4.16227863121521,3.15087546229614e-05,0.0071578325345715
"CM_cdhit-1_host-transcript_232788",195.065493014227,-6.77614727263653,1.63000089996712,-4.15714327076335,3.22251910797799e-05,0.00725580120922866
"CM_cdhit-1_host-transcript_245877",66.5082311165565,7.84232823198369,1.89200224219227,4.14498886792901,3.39830218909832e-05,0.00758447391203758
"CM_cdhit-1_host-transcript_79319",22.1304122527825,-7.71847239835643,1.86478715066212,-4.13906348272288,3.48726451964013e-05,0.00771534531940902
"CM_cdhit-1_host-transcript_247953",190.901055626915,6.82937097236948,1.65428232340239,4.1282983416781,3.65457748155586e-05,0.00788822468905227
"CM_cdhit-1_host-transcript_256887",75.2933976680155,10.0311832376156,2.43000116558926,4.12805696543078,3.65841494048724e-05,0.00788822468905227
"CM_cdhit-1_host-transcript_97775",441.91413542343,7.04057341067058,1.70513426983718,4.1290434045073,3.64275638044005e-05,0.00788822468905227
"CM_cdhit-1_host-transcript_75095",219.118958889148,-11.0270522725276,2.68535898238087,-4.10636058153792,4.01941875243181e-05,0.00859378750572458
"CM_cdhit-1_host-transcript_19527",603.050644155762,-9.49750356603956,2.31817563481705,-4.09697325060062,4.18587249931621e-05,0.00865863040651239
"CM_cdhit-1_host-transcript_199357",56.8697360610558,-9.07916999412867,2.21555583957816,-4.09791973280047,4.16879780145148e-05,0.00865863040651239
"CM_cdhit-1_host-transcript_72294",155.117431729616,-5.27131129052578,1.28594736770362,-4.09916566020817,4.14642179654872e-05,0.00865863040651239
"CM_cdhit-1_host-transcript_80903",24.0601787183204,-7.84261173147443,1.91163306501493,-4.10257170949968,4.08583161696203e-05,0.00865863040651239
"CM_cdhit-1_host-transcript_157916",27.480018536534,8.57051679885611,2.09539832289735,4.09016114272989,4.31073585446927e-05,0.0087860911270302
"CM_cdhit-1_host-transcript_183075",121.452625173855,4.57981768007212,1.1198013876703,4.08984819138352,4.31655618786611e-05,0.0087860911270302
"CM_cdhit-1_host-transcript_88781",22.0257883489474,-7.71179504147436,1.89374844182948,-4.07223835602171,4.65634927053749e-05,0.00940249956272106
"CM_cdhit-1_host-transcript_255076",106.623769910453,6.49134214768873,1.60138947232036,4.05356864141426,5.04421901159884e-05,0.0101055168749692
"CM_cdhit-1_host-transcript_76114",33.7769605354897,-6.84604967978388,1.69281985820479,-4.04416905118541,5.25090225744878e-05,0.010437398916896
"CM_cdhit-1_host-transcript_83101",903.399158857644,-5.73562155969146,1.42058450234236,-4.03750818781578,5.40219598840226e-05,0.0106548893436371
"CM_cdhit-1_host-transcript_88249",208.994186453628,6.33986250738951,1.57410943333373,4.02758688381825,5.63522460251058e-05,0.0110290015047444
"CM_cdhit-1_host-transcript_100618",25.1003942585446,8.43723940973544,2.09774840969278,4.02204543249831,5.76949255427944e-05,0.0111826986299329
"CM_cdhit-1_host-transcript_246599",66.2510784326369,9.84595767507115,2.44879486705706,4.0207359985624,5.8016594707823e-05,0.0111826986299329
"CM_cdhit-1_host-transcript_101922",24.8142893204774,8.4206282066912,2.0990780801599,4.01158407887798,6.03126892550416e-05,0.0113024107897424
"CM_cdhit-1_host-transcript_44477",98.5101688114785,10.4175266632508,2.59607352685781,4.01280108420495,6.00024733036087e-05,0.0113024107897424
"CM_cdhit-1_host-transcript_85692",155.66959935348,-10.5339265395261,2.62430786991834,-4.01398275723416,5.97027097571788e-05,0.0113024107897424
"CM_cdhit-1_host-transcript_91505",1660.37993339575,4.90740788115633,1.22343074108118,4.01118568985728,6.04145685416405e-05,0.0113024107897424
"CM_cdhit-1_host-transcript_246054",78.523419168099,7.44085024484397,1.85914936496673,4.00228748967522,6.27330062783091e-05,0.0116504808667082
"CM_cdhit-1_host-transcript_145423",65.863190096948,9.83890093895103,2.45939566051192,4.00053602473343,6.31991647507971e-05,0.0116520025272067
"CM_cdhit-1_host-transcript_248696",63.4620117867492,8.2471526046718,2.06538082567875,3.99304210736126,6.52309792186641e-05,0.0119400849227372
"CM_cdhit-1_host-transcript_255138",29.3081988144122,8.66898368946137,2.17774578817912,3.98071424888842,6.87085050031174e-05,0.0123982304453498
"CM_cdhit-1_host-transcript_256880",31.6882835183242,8.78088620956506,2.20505689790753,3.98215856375299,6.82921918977116e-05,0.0123982304453498
"CM_cdhit-1_host-transcript_158806",62.6675319980049,9.76593447921386,2.46135087791946,3.96771324512206,7.25655726979574e-05,0.0128512347138089
"CM_cdhit-1_host-transcript_245151",38.8067545185464,9.07332994174234,2.28710983518088,3.96715968869277,7.27342608492898e-05,0.0128512347138089
"CM_cdhit-1_host-transcript_85029",151.787222564065,-10.4975139984519,2.64582859365603,-3.96757145327631,7.26087463818419e-05,0.0128512347138089
"CM_cdhit-1_host-transcript_98499",98.7976553629714,10.4218230042072,2.63600464285906,3.95364364491541,7.69700194015145e-05,0.0135058496802257
"CM_cdhit-1_host-transcript_37692",57.3550211322136,4.62978308107668,1.17488415262835,3.94062944054468,8.12680837760061e-05,0.0141623551747461
"CM_cdhit-1_host-transcript_83309",179.460501504161,-8.68481760854266,2.2079857036673,-3.9333667759342,8.37642736753877e-05,0.014400097399479
"CM_cdhit-1_host-transcript_83538",51.7438201020792,-8.94259111478748,2.27283639671561,-3.93455117478323,8.33523085135982e-05,0.014400097399479
"CM_cdhit-1_host-transcript_37964",59.0618386224681,9.68072397280135,2.4631379476322,3.93024027830329,8.48610154242043e-05,0.0144907303049532
"CM_cdhit-1_host-transcript_132153",65.9372250283931,9.84064863361058,2.50624239972942,3.92645525216276,8.6206921235641e-05,0.0145280437811931
"CM_cdhit-1_host-transcript_29942",213.480542678216,-6.12984842484341,1.56118221875872,-3.92641445129781,8.62215387713778e-05,0.0145280437811931
"CM_cdhit-1_host-transcript_248201",53.1707701063968,7.25724615068828,1.8511922738076,3.92030922631354,8.84354199828045e-05,0.014803042043569
"CM_cdhit-1_host-transcript_57999",17.8356815173284,-7.40795533054798,1.89726817967127,-3.90453780331231,9.44056350500275e-05,0.0156991017815546
"CM_cdhit-1_host-transcript_81643",97.2599656736664,-4.38202287972964,1.12306028062423,-3.90185901445466,9.54567527209722e-05,0.0157708192174006
"CM_cdhit-1_host-transcript_126344",126.028971074449,6.60526205301389,1.69476711367836,3.89744525941247,9.72127867516926e-05,0.015957322150473
"CM_cdhit-1_host-transcript_197274",106.425466879253,-9.98445623145848,2.56363530278847,-3.89464765936027,9.83415713406078e-05,0.0160391320488403
"CM_cdhit-1_host-transcript_132018",174.748856315484,5.4302233911797,1.39719551336313,3.8865164819409,0.000101693025009922,0.0164019743067572
"CM_cdhit-1_host-transcript_246032",48.2097491535861,9.38923848097737,2.41609057198584,3.88612852094371,0.000101855596449618,0.0164019743067572
"CM_cdhit-1_host-transcript_99271",71.4871330433046,7.30126282239295,1.88099675158321,3.88159246752956,0.00010377467888541,0.0166059066344747
"CM_cdhit-1_host-transcript_58454",184.339040882548,-9.65142971959525,2.49602624223667,-3.86671804818313,0.000110309836732581,0.0175413323499192
"CM_cdhit-1_host-transcript_99487",383.614184719153,4.14148425642526,1.07229410710989,3.86226523951308,0.000112340500389598,0.0177532878969724
"CM_cdhit-1_host-transcript_132776",140.770277930144,8.02648056938064,2.08041561944345,3.85811397221093,0.000114265365076784,0.0178359121696234
"CM_cdhit-1_host-transcript_94446",256.074936288627,4.02994083628449,1.04438991495479,3.85865544906083,0.000114012539932092,0.0178359121696234
"CM_cdhit-1_host-transcript_199235",20.7937135068417,-7.63103816207943,1.98896434882964,-3.83668926321869,0.000124704097577757,0.0192293718464902
"CM_cdhit-1_host-transcript_256076",58.1572953027462,8.12732692244771,2.11792203817691,3.83740608764034,0.000124340761688988,0.0192293718464902
"CM_cdhit-1_host-transcript_132171",22.3292728832819,8.28497377675849,2.16645946433413,3.82419976609389,0.00013119751044549,0.0201087846883409
"CM_cdhit-1_host-transcript_102571",2089.14283926429,5.43448320674946,1.42467325496983,3.81454708143907,0.000136432925262607,0.0205882128458544
"CM_cdhit-1_host-transcript_131618",72.4676599613113,8.9479001887492,2.34697537240942,3.81252410823691,0.000137554807316907,0.0205882128458544
"CM_cdhit-1_host-transcript_182867",53.6401094220887,9.53860472447481,2.50192205366653,3.81251074968387,0.000137562244381372,0.0205882128458544
"CM_cdhit-1_host-transcript_256978",15.5648869822475,-7.21246169386337,1.89050398069063,-3.8150999773238,0.000136127808500768,0.0205882128458544
"CM_cdhit-1_host-transcript_67288",18.9060495749448,-7.49436030094747,1.96935011993414,-3.80549919747034,0.000141518473218789,0.0210564591468167
"CM_cdhit-1_host-transcript_249358",16.9082584765607,-7.33165404767263,1.93044638681934,-3.79790606863342,0.000145923597739949,0.0212566432085026
"CM_cdhit-1_host-transcript_26831",78.7924181651894,-6.48793864189136,1.70850905606755,-3.79742713031008,0.000146205736803363,0.0212566432085026
"CM_cdhit-1_host-transcript_56168",23.4009110043548,-6.73947252789885,1.77334502728274,-3.80042937173123,0.0001444455847616,0.0212566432085026
"CM_cdhit-1_host-transcript_99576",64.4696229045547,6.76886416884015,1.78116185739107,3.80025214483019,0.000144548932545455,0.0212566432085026
"CM_cdhit-1_host-transcript_97979",501.813502519237,5.30307605851535,1.39722785970396,3.79542679576897,0.000147389681417588,0.0213070208199301
"CM_cdhit-1_host-transcript_137104",166.020100351263,4.64329235661524,1.22572698533032,3.78819460792399,0.000151745970115134,0.0214492928757742
"CM_cdhit-1_host-transcript_198012",169.165439714815,-5.20492583945318,1.37320998000578,-3.7903349926362,0.000150444247861846,0.0214492928757742
"CM_cdhit-1_host-transcript_91538",1615.13359413323,-7.69104480644389,2.02892525382892,-3.79069893872611,0.000150223954456477,0.0214492928757742
"CM_cdhit-1_host-transcript_92321",16.3577510927563,-7.28234660584526,1.92175159853758,-3.78943179305119,0.00015099226133257,0.0214492928757742
"CM_cdhit-1_host-transcript_248004",40.9853395336985,9.15568688443792,2.41825645801868,3.78606944440431,0.000153048919816413,0.021513942910989
"CM_cdhit-1_host-transcript_156828",20.0989609766522,-7.57717398363541,2.0055370818193,-3.77812709240053,0.000158012238925525,0.0216149483636381
"CM_cdhit-1_host-transcript_197854",167.991964833813,-6.15451943506193,1.62803276909636,-3.78034125104128,0.000156613552312974,0.0216149483636381
"CM_cdhit-1_host-transcript_232158",17.0172533445831,-7.34190227171507,1.94326742387789,-3.77812244547584,0.000158015186716845,0.0216149483636381
"CM_cdhit-1_host-transcript_255626",37.4349608277619,9.02422042518035,2.3865189512152,3.78133197751699,0.000155991490039411,0.0216149483636381
"CM_cdhit-1_host-transcript_97967",42.5459848041301,9.20737816888261,2.4360534746159,3.77962892228151,0.000157062254831396,0.0216149483636381
"CM_cdhit-1_host-transcript_82620",395.324802215337,-5.55274854827128,1.47051059518923,-3.77606837137868,0.000159323274785873,0.0216773373282191
"CM_cdhit-1_host-transcript_137160",39.1896521762247,9.08912681135106,2.40828321537421,3.77411043407482,0.000160579620859942,0.0217320600720187
"CM_cdhit-1_host-transcript_92322",14.6308931534749,-7.12269836031518,1.88896870195621,-3.77068098213536,0.000162802684327229,0.021916342313956
"CM_cdhit-1_host-transcript_136922",415.180858957348,4.69534586396058,1.2469366363307,3.76550477959918,0.000166212943757609,0.0221411305132191
"CM_cdhit-1_host-transcript_236293",55.3107738557753,9.58279046436242,2.54474295394103,3.76572040391018,0.000166069551713143,0.0221411305132191
"CM_cdhit-1_host-transcript_97776",36.9522170168319,4.75705123821181,1.26445123316176,3.76214686138335,0.000168461074100266,0.022323724522568
"CM_cdhit-1_host-transcript_97739",42.8318434857569,9.21795206195896,2.45290882424364,3.75796767122044,0.000171299006194753,0.0225821793503269
"CM_cdhit-1_host-transcript_256927",14.1219430568317,7.60689206683814,2.02909644380609,3.74890611535915,0.000177607552578941,0.0232931389704433
"CM_cdhit-1_host-transcript_94311",823.965821005731,4.56827729045606,1.21916447455717,3.74705577942251,0.000178922310300634,0.0233452325178411
"CM_cdhit-1_host-transcript_245109",25.745514852335,8.48215183255226,2.26501107230747,3.74486108975666,0.000180493612810008,0.0234300968914543
"CM_cdhit-1_host-transcript_83800",113.588447667331,-5.20363798387828,1.39715603430315,-3.72445013736326,0.000195741394471765,0.0252804482210411
"CM_cdhit-1_host-transcript_116432",59.4665778311721,7.36187842380945,1.97882836298786,3.72032186394056,0.000198969041988156,0.0252987692127196
"CM_cdhit-1_host-transcript_157675",77.0186766365865,6.44898162931991,1.73397353462644,3.71919265233149,0.000199860575079851,0.0252987692127196
"CM_cdhit-1_host-transcript_160376",20.0562191387524,8.13058048761819,2.18565237394496,3.71997879651055,0.000199239504031026,0.0252987692127196
"CM_cdhit-1_host-transcript_88492",15.1620153316001,-7.17259989129685,1.92809343127185,-3.72004788510976,0.00019918500929947,0.0252987692127196
"CM_cdhit-1_host-transcript_246404",351.099492367292,5.51790663913109,1.48450621882165,3.71699799513876,0.000201604042568382,0.0253931270052839
"CM_cdhit-1_host-transcript_135308",37.8730553692038,9.03937612592271,2.43499628095168,3.71227512609991,0.000205404532145773,0.025427638899295
"CM_cdhit-1_host-transcript_38137",163.392437266763,-7.03552039870612,1.89456819387087,-3.71352185762791,0.000204394802620573,0.025427638899295
"CM_cdhit-1_host-transcript_93673",14.6018004544358,-7.11878998738737,1.917934845303,-3.71169542324193,0.000205875628395031,0.025427638899295
"CM_cdhit-1_host-transcript_97918",52.4376951844572,6.57193267784096,1.76969609496698,3.7135939309193,0.000204336573164239,0.025427638899295
"CM_cdhit-1_host-transcript_227163",25.420512591711,-7.91911180930065,2.13766927931173,-3.70455424790985,0.000211762787142124,0.0256353899239025
"CM_cdhit-1_host-transcript_26736",517.126532131821,-7.00915450268618,1.89132803022525,-3.70594333223699,0.000210605387936101,0.0256353899239025
"CM_cdhit-1_host-transcript_81540",15.1148651422744,-7.17157354282689,1.93640038125272,-3.70355924955323,0.000212595498720411,0.0256353899239025
"CM_cdhit-1_host-transcript_94310",317.591957435557,-8.12483977781837,2.19318068856585,-3.70459206584174,0.000211731197914373,0.0256353899239025
"CM_cdhit-1_host-transcript_99615",51.0464510878801,7.47301878339831,2.01581132075286,3.70720151557008,0.000209562186716599,0.0256353899239025
"CM_cdhit-1_host-transcript_138558",18.052447834242,7.04240817959291,1.90290412097467,3.70087389163138,0.000214858242185487,0.0256649683376777
"CM_cdhit-1_host-transcript_98255",635.921768883092,3.97705156202673,1.07437519698476,3.70173434121372,0.000214130757273135,0.0256649683376777
"CM_cdhit-1_host-transcript_121756",10.8417442508126,7.2415258589451,1.9605415862444,3.69363542694185,0.000221070688205606,0.026283651962688
"CM_cdhit-1_host-transcript_255014",13.208656213116,7.50763738921922,2.03456972871259,3.69003690719895,0.000224221519045831,0.0265342702748051
"CM_cdhit-1_host-transcript_78603",85.1148549518973,-9.66258145331287,2.62598804486289,-3.6795984171426,0.000233601524736352,0.0275163129345695
"CM_cdhit-1_host-transcript_4328",33.0965273611376,-5.57835542840736,1.51751665252712,-3.67597641786515,0.000236941411118696,0.0277811074796911
"CM_cdhit-1_host-transcript_75035",13.9001647903352,-7.05113416785553,1.9197666985876,-3.67291201219562,0.000239802070968582,0.0279875417048332
"CM_cdhit-1_host-transcript_156547",9.8181493057911,7.08598273223323,1.92994509895819,3.67159808642139,0.00024103853495351,0.0280033947252153
"CM_cdhit-1_host-transcript_197281",82.480677482081,-9.61637743972198,2.62067513311882,-3.66942751438165,0.000243094252609797,0.0280829794766789
"CM_cdhit-1_host-transcript_85763",120.661761494435,5.16336115141344,1.40746691594555,3.66854886101863,0.000243931079839093,0.0280829794766789
"CM_cdhit-1_host-transcript_133213",290.906977560244,5.68249240355687,1.55147119749172,3.66264769384298,0.000249621742850816,0.0286086756907807
"CM_cdhit-1_host-transcript_133446",128.247323530187,8.49498960467495,2.32084339349749,3.66030281425973,0.000251917356747412,0.0287022633858483
"CM_cdhit-1_host-transcript_154454",38.7610184357921,7.5342086274776,2.06072129937616,3.65610266160612,0.000256078834594488,0.0287022633858483
"CM_cdhit-1_host-transcript_29741",200.719203090239,-5.90777058153442,1.61491143019429,-3.65826290598715,0.000253930496142815,0.0287022633858483
"CM_cdhit-1_host-transcript_94796",54.3747190876706,9.56024365988621,2.61312000699372,3.65855515027986,0.000253641163877933,0.0287022633858483
"CM_cdhit-1_host-transcript_97550",1104.62865956542,6.21420403072872,1.69946984638819,3.65655445075152,0.000255628130797337,0.0287022633858483
"CM_cdhit-1_host-transcript_82908",110.409077009922,-7.18999331827622,1.96732965294185,-3.65469676499037,0.000257486125724775,0.0287334188456818
"CM_cdhit-1_host-transcript_57619",15.3225961262471,-7.19102090322287,1.96855556559861,-3.6529428119222,0.000259251986252576,0.028804140987879
"CM_cdhit-1_host-transcript_137193",258.221793833314,7.57975610349425,2.07911016883536,3.64567314282348,0.000266692779532743,0.0294351262160537
"CM_cdhit-1_host-transcript_201281",2894.98679120253,4.48152262194953,1.23041370441885,3.64228926080294,0.000270224177658762,0.0294351262160537
"CM_cdhit-1_host-transcript_235630",28.9735154503437,8.65569710575855,2.37492036077704,3.64462625724701,0.000267780654213291,0.0294351262160537
"CM_cdhit-1_host-transcript_98072",75.4603770927359,5.60850678916032,1.53935456794307,3.64341452317548,0.000269045025290082,0.0294351262160537
"CM_cdhit-1_host-transcript_98076",44.755640698462,5.62158779983387,1.54361978061347,3.64182156152451,0.00027071569919257,0.0294351262160537
"CM_cdhit-1_host-transcript_154247",37.9270784720842,7.50288849414071,2.06276092909196,3.63730395913769,0.000275506737745103,0.0298285869295688
"CM_cdhit-1_host-transcript_85464",59.8879791845775,-7.72424261097712,2.12637613229404,-3.63258526733171,0.00028059581072165,0.0302508441194531
"CM_cdhit-1_host-transcript_246031",70.7258135389435,5.17825142403824,1.4269954677933,3.62877916637384,0.000284764701057569,0.0305541138472855
"CM_cdhit-1_host-transcript_30043",13.1644196501437,-6.97220001661366,1.92243771292254,-3.6267495012956,0.000287011484868185,0.0305541138472855
"CM_cdhit-1_host-transcript_97077",10.0117989189294,7.11361586581187,1.96084807043868,3.62782612944633,0.000285817626796061,0.0305541138472855
"CM_cdhit-1_host-transcript_116380",11.5810762971153,7.34313862666065,2.029320601348,3.61852071170168,0.000296291790724378,0.0313723709468781
"CM_cdhit-1_host-transcript_256733",32.6931764165512,6.18702081861686,1.71068705039676,3.61668770286295,0.000298396956693177,0.0313723709468781
"CM_cdhit-1_host-transcript_97934",43.2011592303969,6.85947339844562,1.89622221883934,3.61744173773273,0.000297529275610807,0.0313723709468781
"CM_cdhit-1_host-transcript_137337",23.0765975731789,6.58532233869352,1.82238026526836,3.61358299593075,0.000301994626290103,0.0314276735253704
"CM_cdhit-1_host-transcript_246083",73.282904184618,7.85245301381228,2.17400021198876,3.6119835547895,0.000303863840240582,0.0314276735253704
"CM_cdhit-1_host-transcript_93293",57.1909717479302,-9.08971485120037,2.51629415802298,-3.61234191249803,0.000303444100078949,0.0314276735253704
"CM_cdhit-1_host-transcript_94647",31.0900172197952,8.75544686901796,2.42236214563629,3.61442523562807,0.000301014662072569,0.0314276735253704
"CM_cdhit-1_host-transcript_101804",294.572884627006,4.47915159054439,1.24137653484347,3.60821351525641,0.000308312713320771,0.0316654611930743
"CM_cdhit-1_host-transcript_37266",89.4893953737993,-5.33064437810665,1.47833512038491,-3.60584302206033,0.000311141190043178,0.0316654611930743
"CM_cdhit-1_host-transcript_86130",1740.05552820521,4.09577482858978,1.13559924094061,3.60670796609311,0.000310106333972555,0.0316654611930743
"CM_cdhit-1_host-transcript_90616",72.9384816919932,-9.43888487716942,2.61676621356244,-3.60707992492742,0.000309662298160848,0.0316654611930743
"CM_cdhit-1_host-transcript_69582",12.7974366845088,-6.92868758266119,1.92503921333798,-3.59924490610609,0.000319142524178287,0.0323503714847337
"CM_cdhit-1_host-transcript_102050",28.181256653047,8.6062282772622,2.39944870862577,3.58675234287097,0.000334822043160095,0.0336714515577956
"CM_cdhit-1_host-transcript_96498",29.1904688536778,8.66406588311459,2.41537747057795,3.58704425649936,0.000334447576704543,0.0336714515577956
"CM_cdhit-1_host-transcript_243165",159.959695835024,5.47055612859183,1.5261126509868,3.58463454519855,0.000337550521638319,0.0338121965434793
"CM_cdhit-1_host-transcript_122446",16.1759763816579,7.81105107850215,2.18173065210705,3.58020870768738,0.000343319879345691,0.0340840909836092
"CM_cdhit-1_host-transcript_235408",604.593693601346,-5.39761540737027,1.50807130571929,-3.57915132189045,0.000344711834862704,0.0340840909836092
"CM_cdhit-1_host-transcript_246525",22.8328796748982,7.3743325237329,2.0590989535515,3.58133955195003,0.000341837042025493,0.0340840909836092
"CM_cdhit-1_host-transcript_99337",158.198124395075,5.48163169840554,1.53184054059105,3.57846104287753,0.000345623372785095,0.0340840909836092
"CM_cdhit-1_host-transcript_254400",35.6099828004668,8.94857041126514,2.50451154474026,3.57298030031368,0.000352941321898213,0.0345380232809855
"CM_cdhit-1_host-transcript_68870",11.9572269677466,-6.83004824993739,1.91114181418474,-3.5738050411769,0.000351830932655416,0.0345380232809855
"CM_cdhit-1_host-transcript_246616",3881.55205741262,4.63801910751534,1.29874055455849,3.5711667670931,0.000355394508592242,0.0346448370962162
"CM_cdhit-1_host-transcript_37384",21.7735265167707,-7.69993492779115,2.15759037191209,-3.56876589181631,0.000358666734044668,0.0348303729553378
"CM_cdhit-1_host-transcript_133622",54.3156504975766,-9.01479641967681,2.5283389308639,-3.5655015669108,0.000363160992056319,0.0351327190908324
"CM_cdhit-1_host-transcript_256950",47.8162030282112,5.24313627642678,1.4727741580702,3.56004092528141,0.000370797002518351,0.035600709943677
"CM_cdhit-1_host-transcript_97962",53.3673392984509,-8.98868020420331,2.52426871939092,-3.5609046434534,0.000369579292194105,0.035600709943677
"CM_cdhit-1_host-transcript_245218",26.5307586042048,8.52667407059493,2.39675974737853,3.55758397558247,0.000374281467292393,0.0358001630538359
"CM_cdhit-1_host-transcript_106339",28.9224507181894,5.29640552774316,1.49252355238632,3.54862442155436,0.000387248997231889,0.0362650490530813
"CM_cdhit-1_host-transcript_205204",60.3070219527319,-6.90129669794347,1.94393912158606,-3.55016091878057,0.000384995741412714,0.0362650490530813
"CM_cdhit-1_host-transcript_232174",12.1097488341395,-6.84943073189632,1.92992283493372,-3.54906973891086,0.000386594679271444,0.0362650490530813
"CM_cdhit-1_host-transcript_257821",35.7539510532342,8.9557677989853,2.521818883231,3.55131284745993,0.000383314494023255,0.0362650490530813
"CM_cdhit-1_host-transcript_37722",64.0264063448398,-6.02520007199715,1.69616300974577,-3.55225295999128,0.000381947481443999,0.0362650490530813
"CM_cdhit-1_host-transcript_95479",34.2846505868736,6.39522641761219,1.80232409592035,3.54832209816654,0.000387693799569159,0.0362650490530813
"CM_cdhit-1_host-transcript_232686",16.1951011181074,-7.26687554216497,2.04944536200517,-3.54577666567071,0.000391457821202294,0.036483008589194
"CM_cdhit-1_host-transcript_197310",11.8966452313307,-6.82094017906314,1.92534340980215,-3.54271354623644,0.000396032633090045,0.0365264161843965
"CM_cdhit-1_host-transcript_245211",24.6410094541272,8.42079959585685,2.37766357329433,3.54162787807258,0.000397666048935968,0.0365264161843965
"CM_cdhit-1_host-transcript_251956",178.455054805088,4.1774111061268,1.17868934449254,3.54411544114307,0.000393932718732522,0.0365264161843965
"CM_cdhit-1_host-transcript_96576",28.5283240569625,6.12902848769565,1.73016196801381,3.54245937721752,0.000396414473983493,0.0365264161843965
"CM_cdhit-1_host-transcript_101284",40.7451034968163,9.14382544570975,2.58300923446068,3.53998945250343,0.000400143023735396,0.0366217228521571
"CM_cdhit-1_host-transcript_232712",131.169701453889,-5.32966714787473,1.50649837376622,-3.53778486633919,0.000403498671771496,0.0367021273653173
"CM_cdhit-1_host-transcript_243413",223.808050656103,4.62213443884864,1.30660378101382,3.53751803416812,0.000403906601512747,0.0367021273653173
"CM_cdhit-1_host-transcript_102344",28.0528737201075,7.57427946672275,2.14364213106111,3.5333693796051,0.000410298780121834,0.0371502913261204
"CM_cdhit-1_host-transcript_100335",33.7185522913741,8.87008722437876,2.51636107324869,3.52496599898807,0.000423537149981909,0.0372542386565072
"CM_cdhit-1_host-transcript_155054",28.3673130965401,5.57921268068081,1.583275441307,3.52384211560507,0.000425337610619988,0.0372542386565072
"CM_cdhit-1_host-transcript_157801",27.7124647141761,5.90362840794901,1.67279594683506,3.52919817812729,0.000416820863076989,0.0372542386565072
"CM_cdhit-1_host-transcript_181762",54.1042315495369,-9.00912270295007,2.55732776525666,-3.5228658701267,0.000426907352958999,0.0372542386565072
"CM_cdhit-1_host-transcript_197764",49.3608651539914,-8.87683938905173,2.51727389483574,-3.52637009713676,0.000421297784671036,0.0372542386565072
"CM_cdhit-1_host-transcript_204984",40.2183586181334,-8.58238437912794,2.43487537802649,-3.52477357017101,0.000423844915056983,0.0372542386565072
"CM_cdhit-1_host-transcript_245158",176.90419244222,8.35640217216077,2.37004532095842,3.52584066568885,0.000422140861566601,0.0372542386565072
"CM_cdhit-1_host-transcript_245168",509.043957630429,4.88994753784182,1.3861752990401,3.5276545046128,0.000419258999081621,0.0372542386565072
"CM_cdhit-1_host-transcript_257771",68.788675685977,6.92631188641726,1.96632517494479,3.52246514191719,0.000427553263675671,0.0372542386565072
"CM_cdhit-1_host-transcript_7289",63.2330070681428,-6.29786307761321,1.7871950045217,-3.52388131215636,0.00042527469767134,0.0372542386565072
"CM_cdhit-1_host-transcript_99220",170.907421534346,5.22301636352199,1.48030831501092,3.5283300854008,0.00041819032703924,0.0372542386565072
"CM_cdhit-1_host-transcript_91648",68.7918832487338,-5.26823234856168,1.49734976938138,-3.51837122914722,0.000434204488104997,0.0377046579892677
"CM_cdhit-1_host-transcript_99476",97.3808237174253,7.27617956783831,2.06940215575154,3.51607808449192,0.000437972154671562,0.0379024677935665
"CM_cdhit-1_host-transcript_131592",25.8311587399674,5.77295681889302,1.64249457039978,3.51474940796175,0.000440169129233816,0.0379634683223593
"CM_cdhit-1_host-transcript_160488",35.6725013190654,6.62489046291439,1.88663268888043,3.51148928032502,0.000445603433666077,0.0379657843028664
"CM_cdhit-1_host-transcript_248913",747.332177406461,4.88378743671623,1.39059925094673,3.5120020619825,0.000444744548391017,0.0379657843028664
"CM_cdhit-1_host-transcript_86617",15.0104951457594,-6.25977567724396,1.78282539019274,-3.5111546602818,0.000446164741050861,0.0379657843028664
"CM_cdhit-1_host-transcript_91689",24.5490768232781,-5.49851775796536,1.56564090687711,-3.5119916283568,0.000444762008815066,0.0379657843028664
"CM_cdhit-1_host-transcript_232171",19.0852030548303,-6.6138635344509,1.88635678182874,-3.50615726471376,0.000454626518523647,0.0383015314927058
"CM_cdhit-1_host-transcript_250880",23.3208853751376,5.99483822967554,1.70973961658899,3.50628725655636,0.000454404527185657,0.0383015314927058
"CM_cdhit-1_host-transcript_98207",129.348626944723,5.71666672592922,1.62968395974473,3.50783763425189,0.000451764682363832,0.0383015314927058
"CM_cdhit-1_host-transcript_197612",28.8112881573548,-6.08023174855466,1.73710775714206,-3.50020413158365,0.000464902001117585,0.0389348211880224
"CM_cdhit-1_host-transcript_233186",11.7617952323994,-6.81058701326281,1.94600185456238,-3.49978444126117,0.000465634528790062,0.0389348211880224
"CM_cdhit-1_host-transcript_249240",1458.52106983705,4.43511471179648,1.26811313855051,3.49741247603977,0.000469794839630659,0.0389348211880224
"CM_cdhit-1_host-transcript_57513",636.214025205558,4.65239435222451,1.32999861564211,3.49804450734588,0.000468682911612954,0.0389348211880224
"CM_cdhit-1_host-transcript_86219",53.0249899783192,-8.97855497047408,2.56703330408303,-3.49763867737638,0.000469396602814798,0.0389348211880224
"CM_cdhit-1_host-transcript_157746",39.001754802798,8.05421687038146,2.30651327972645,3.49194472070704,0.000479517476003064,0.0394994847994282
"CM_cdhit-1_host-transcript_98583",26.8719114850002,7.51350675041501,2.15173543669164,3.49183576302821,0.000479713115710541,0.0394994847994282
"CM_cdhit-1_host-transcript_80942",10.5325958080169,-6.64690977428437,1.90522436451663,-3.48878058567697,0.000485229266758097,0.039824800755246
"CM_cdhit-1_host-transcript_227765",16.1462375905641,-7.26579479435865,2.0846981329732,-3.48529826905737,0.000491588738716342,0.0402170169747907
"CM_cdhit-1_host-transcript_144491",16.3785390320549,6.8062175225999,1.95345896633861,3.48418760766542,0.000493633341458168,0.0402548497010262
"CM_cdhit-1_host-transcript_80953",11.1178595783689,-6.72482576978413,1.9311365342641,-3.48231502561613,0.000497098519239271,0.0404079157348395
"CM_cdhit-1_host-transcript_98715",462.410453234763,4.86155641722326,1.39930291078952,3.47427020964335,0.000512244905807428,0.0415065195492305
"CM_cdhit-1_host-transcript_255377",17.2236811046477,6.87064807591375,1.97979945771278,3.47037577424698,0.000519730692735429,0.0419793905246588
"CM_cdhit-1_host-transcript_83891",14.2941649663846,-7.08210830038729,2.04141184302277,-3.46922073788925,0.000521970402735273,0.0420268764455492
"CM_cdhit-1_host-transcript_80961",35.5445756734415,-4.99837810373067,1.4413998780335,-3.46772479997011,0.000524884519161942,0.042128191864471
"CM_cdhit-1_host-transcript_136913",14.8673367513285,7.69040437564743,2.22113474412862,3.46237633532875,0.000535427906426686,0.042215904627568
"CM_cdhit-1_host-transcript_256374",33.579875270122,4.35916198533525,1.25940361068736,3.46129068421211,0.000537591993842394,0.042215904627568
"CM_cdhit-1_host-transcript_29900",18.7758468223467,-6.5823150548499,1.90159132254533,-3.46147722531637,0.000537219572403189,0.042215904627568
"CM_cdhit-1_host-transcript_57747",18.0843105571504,-7.42530715993339,2.14398491290851,-3.4633206209741,0.000533552213831756,0.042215904627568
"CM_cdhit-1_host-transcript_74783",11.1099960670425,-6.72927863231549,1.94216087693463,-3.46484099861825,0.000530545054734759,0.042215904627568
"CM_cdhit-1_host-transcript_86452",10.4172914396213,-6.63241504924374,1.91361287679931,-3.46591263554677,0.000528434958553194,0.042215904627568
"CM_cdhit-1_host-transcript_88193",10.2954162832208,-6.61363893306703,1.90898901928984,-3.46447196198507,0.00053127351832227,0.042215904627568
"CM_cdhit-1_host-transcript_250934",21.2146363137153,8.2050199183735,2.37429331809037,3.45577349515212,0.000548716208393371,0.0429568815081617
"CM_cdhit-1_host-transcript_132397",70.2234826462942,5.77722084023815,1.67218664160955,3.45488996053535,0.000550517458271824,0.0429656923030982
"CM_cdhit-1_host-transcript_257706",25.4286628624523,8.46458014516135,2.45201174026633,3.45209609161249,0.000556249591688435,0.0432803007991708
"CM_cdhit-1_host-transcript_93647",31.8253727211553,-4.3668648996933,1.26580085514676,-3.44988303802891,0.000560829481495257,0.0435036112734263
"CM_cdhit-1_host-transcript_249268",10.463374103594,-6.63580233428153,1.92515606498373,-3.4468905949906,0.000567078174329538,0.0438546200287733
"CM_cdhit-1_host-transcript_204925",15.0333163418632,-6.09332697604381,1.76871804551268,-3.44505275530086,0.000570947947387737,0.0439942957229786
"CM_cdhit-1_host-transcript_85785",181.321311377464,-8.40890092214702,2.4413300919183,-3.44439326332132,0.00057234256511834,0.0439942957229786
"CM_cdhit-1_host-transcript_46463",10.3201093346242,-6.61953161426629,1.92405123282219,-3.44041338470847,0.000580826311004376,0.044402693911904
"CM_cdhit-1_host-transcript_70374",30.9250746422788,6.46182626213159,1.8782934542459,3.44026448451097,0.000581145976208152,0.044402693911904
"CM_cdhit-1_host-transcript_43251",17.9945703027978,-5.93299422617113,1.72577715735505,-3.43786809373704,0.000586313232283264,0.0446633759550392
"CM_cdhit-1_host-transcript_201282",239.78692019634,4.20198603260683,1.223252450208,3.43509308474496,0.000592350321403964,0.0449885648581524
"CM_cdhit-1_host-transcript_165137",1111.93281054653,4.69538463153218,1.36811652040636,3.43200638359192,0.000599133455516703,0.0453683110378317
"CM_cdhit-1_host-transcript_247985",565.320919329198,4.03352771306045,1.1758229593771,3.430386931037,0.000602721107755428,0.0455020606947287
"CM_cdhit-1_host-transcript_58841",691.291513333553,7.72992839317271,2.25388772563086,3.42959780350598,0.000604476536368286,0.0455020606947287
"CM_cdhit-1_host-transcript_136960",166.655109015372,6.68399170378192,1.94946893863069,3.42862180121566,0.000606654253169602,0.045531280717977
"CM_cdhit-1_host-transcript_138850",61.6486481582414,4.46323395086567,1.30261152659524,3.42637375744068,0.000611698034579688,0.0455390698344518
"CM_cdhit-1_host-transcript_147399",19.1589189869446,-6.03235307837874,1.7612495889316,-3.42504158200431,0.000614705330992492,0.0455390698344518
"CM_cdhit-1_host-transcript_245195",3356.99493477984,5.13953052422622,1.50076852502169,3.4245990894245,0.00061570726813078,0.0455390698344518
"CM_cdhit-1_host-transcript_248814",613.966242480295,4.80694262366448,1.40351779472062,3.42492460141649,0.000614970062821661,0.0455390698344518
"CM_cdhit-1_host-transcript_96402",21.911783414758,8.25152288094887,2.40852862534614,3.42596006296708,0.000612630453192796,0.0455390698344518
"CM_cdhit-1_host-transcript_156813",144.213078819926,4.09415350803738,1.19747911238902,3.418976970604,0.000628570461110019,0.0458261226781123
"CM_cdhit-1_host-transcript_178411",70.7177480744109,-5.48139793095654,1.60323228426593,-3.41896678650424,0.000628593987134426,0.0458261226781123
"CM_cdhit-1_host-transcript_248583",32.3049722327502,7.88298760757835,2.30477794332034,3.42028073915956,0.000625565415064453,0.0458261226781123
"CM_cdhit-1_host-transcript_253597",10.0178605671234,7.12272741064806,2.08316840021041,3.41917984639583,0.000628101973670272,0.0458261226781123
"CM_cdhit-1_host-transcript_77442",17.6404028006229,-7.38606184317926,2.16003866948702,-3.41941185938739,0.000627566599838582,0.0458261226781123
"CM_cdhit-1_host-transcript_204205",188.884366361093,3.95741602324411,1.15864629121384,3.41555145280633,0.000636530026846861,0.0462720956373277
"CM_cdhit-1_host-transcript_63373",37.7331457883026,-4.95713977960693,1.45218593482251,-3.41357099028288,0.00064117451844861,0.0463636532590687
"CM_cdhit-1_host-transcript_85871",36.8779650759017,-8.45682431635839,2.47749278302566,-3.41346072703002,0.000641434026930479,0.0463636532590687
"CM_cdhit-1_host-transcript_204136",15.0681653747889,-6.26999517018223,1.83776767861822,-3.41174526199988,0.000645484038877844,0.0463927977434152
"CM_cdhit-1_host-transcript_98022",400.379841070826,4.85382061702964,1.42252244565146,3.41212234075279,0.000644591766077159,0.0463927977434152
"CM_cdhit-1_host-transcript_85985",1587.06541238908,4.14737900159577,1.21707032273707,3.40767408761454,0.000655190994821555,0.0469578154401263
"CM_cdhit-1_host-transcript_74776",11.5643888712028,-6.7866025553019,1.99325716945956,-3.40478020562794,0.000662173269769645,0.047192365553919
"CM_cdhit-1_host-transcript_79872",14.0217786850072,-6.16330218180887,1.80980812775451,-3.40550033304132,0.0006604293297914,0.047192365553919
"CM_cdhit-1_host-transcript_101924",24.5687414578042,8.41127146008645,2.47191818513631,3.40273052347104,0.000667160472732885,0.0472683578367633
"CM_cdhit-1_host-transcript_92099",83.4280412770343,4.37011277909172,1.28461709365056,3.40187967347761,0.000669240965591505,0.0472683578367633
"CM_cdhit-1_host-transcript_98407",10.6797733488736,7.19549037011519,2.11464341030161,3.4026968022419,0.000667242813091783,0.0472683578367633
"CM_cdhit-1_host-transcript_99349",13.7869277374443,7.57554617074611,2.22725261274291,3.40129634483476,0.000670670800576643,0.0472683578367633
"CM_cdhit-1_host-transcript_151580",50.7121730966016,7.94823973929729,2.3421720234842,3.39353371981343,0.000689970634631418,0.0479827659160606
"CM_cdhit-1_host-transcript_237967",9.70906213757786,7.07747081341031,2.08473405407619,3.39490344083556,0.000686528086445538,0.0479827659160606
"CM_cdhit-1_host-transcript_5790",1091.7952670884,4.93377884475436,1.45284449152901,3.39594421393436,0.000683922971708952,0.0479827659160606
"CM_cdhit-1_host-transcript_67370",9.81950322267539,-6.5470319022568,1.92805645014256,-3.39566401272781,0.000684623426000647,0.0479827659160606
"CM_cdhit-1_host-transcript_88378",13.0991111336595,-6.06398887824411,1.78698020371017,-3.39342812284877,0.000690236698709986,0.0479827659160606
"CM_cdhit-1_host-transcript_227676",10.0648075464297,-6.58382082863948,1.94214451372051,-3.38997473263565,0.00069899065965397,0.0484589083203704
"CM_cdhit-1_host-transcript_256649",10.2046132563295,7.14811729543123,2.11012083107116,3.38753932484646,0.000705226065257406,0.0487583336368049
"CM_cdhit-1_host-transcript_77055",9.70575286523307,-6.5291814912966,1.92855801607539,-3.38552505907158,0.000710422227390553,0.0489844789471486
